"MaStR-Nr. der Einheit";"Anzeige-Name der Einheit";"Betriebs-Status";"Inbetriebnahmedatum der Einheit";"Registrierungsdatum der Einheit";"Energieträger";"Bruttoleistung der Einheit";"Nettonennleistung der Einheit";"Postleitzahl";"Ort";"Name des Anlagenbetreibers (nur Org.)";"MaStR-Nr. des Anlagenbetreibers";"Letzte Aktualisierung"
"SEE994641692888";"WEA Nägelstedt 09";"In Planung";"";"11.9.2026";"Wind";"6800";"6800";"99947";"Bad Langensalza";"UKA Umweltgerechte Kraftanlagen GmbH & Co. KG";"ABR999408386086";"11.9.2026"
"SEE963575904640";"WEA03";"In Betrieb";"1.9.2026";"4.9.2026";"Wind";"6200";"6200";"99638";"Kindelbrück";"meridian Windpark Günstedt GmbH & Co.KG";"ABR987569224750";"4.9.2026"
"SEE968328067368";"WEA04";"In Betrieb";"1.9.2026";"4.9.2026";"Wind";"6200";"6200";"99638";"Kindelbrück";"meridian Windpark Günstedt GmbH & Co.KG";"ABR987569224750";"4.9.2026"
"SEE997977462859";"WEA07";"In Betrieb";"1.9.2026";"4.9.2026";"Wind";"6200";"6200";"99631";"Günstedt";"meridian Windpark Günstedt GmbH & Co.KG";"ABR987569224750";"4.9.2026"
"SEE959650446341";"HR18.1";"In Betrieb";"17.8.2026";"19.8.2026";"Wind";"6000";"6000";"99820";"Hörselberg-Hainich";"Windkraft Hötzelsroda GmbH & Co. KG";"ABR919390188161";"19.8.2026"
"SEE970647119062";"ABO Energy WP Sonnenstein WEA 1";"In Planung";"";"14.8.2026";"Wind";"7000";"7000";"37345";"Sonnenstein";"ABO Wind WP Sonnenstein GmbH & Co. KG";"ABR922638009623";"14.8.2026"
"SEE901915280450";"ABO Energy WP Sonnenstein WEA 2";"In Planung";"";"14.8.2026";"Wind";"7000";"7000";"37345";"Sonnenstein";"ABO Wind WP Sonnenstein GmbH & Co. KG";"ABR922638009623";"14.8.2026"
"SEE913705731028";"ABO Energy WP Sonnenstein WEA 3";"In Planung";"";"14.8.2026";"Wind";"7000";"7000";"37345";"Sonnenstein";"ABO Wind WP Sonnenstein GmbH & Co. KG";"ABR922638009623";"14.8.2026"
"SEE993120186399";"ABO Energy WP Sonnenstein WEA 4";"In Planung";"";"14.8.2026";"Wind";"7000";"7000";"37345";"Sonnenstein";"ABO Wind WP Sonnenstein GmbH & Co. KG";"ABR922638009623";"14.8.2026"
"SEE948892898162";"Windgenerator ISTABREEZE, 2KW";"In Betrieb";"27.6.2026";"10.8.2026";"Wind";"2";"2";"37308";"Heilbad Heiligenstadt";"(natürliche Person)";"ABR960533603850";"10.8.2026"
"SEE900003441513";"HR19.1";"In Betrieb";"14.7.2026";"15.7.2026";"Wind";"6000";"6000";"99817";"Eisenach";"Windkraft Hötzelsroda GmbH & Co. KG";"ABR919390188161";"15.7.2026"
"SEE987307955526";"HR20.1";"In Betrieb";"7.7.2026";"10.7.2026";"Wind";"6000";"6000";"99817";"Eisenach";"Windkraft Hötzelsroda GmbH & Co. KG";"ABR919390188161";"10.7.2026"
"SEE950177992335";"Gerstungen-Ost WEA 01";"In Planung";"";"2.7.2026";"Wind";"6800";"6800";"99834";"Gerstungen";"JUWI GmbH";"ABR941190092140";"2.7.2026"
"SEE964024211814";"Gerstungen-Ost WEA 02";"In Planung";"";"2.7.2026";"Wind";"6800";"6800";"99834";"Gerstungen";"JUWI GmbH";"ABR941190092140";"2.7.2026"
"SEE991378373646";"Gerstungen-Ost WEA 04";"In Planung";"";"2.7.2026";"Wind";"6800";"6800";"99834";"Gerstungen";"JUWI GmbH";"ABR941190092140";"2.7.2026"
"SEE999564312042";"HR21";"In Betrieb";"22.6.2026";"23.6.2026";"Wind";"6000";"6000";"99820";"Hörselberg-Hainich";"Windkraft Hötzelsroda GmbH & Co. KG";"ABR919390188161";"13.8.2026"
"SEE944456759771";"WEA 1";"In Planung";"";"4.6.2026";"Wind";"7000";"7000";"98617";"Vachdorf";"Windpark Vachdorf GmbH & Co. KG";"ABR945103334969";"6.9.2026"
"SEE908601563224";"WEA 2";"In Planung";"";"4.6.2026";"Wind";"7000";"7000";"98617";"Vachdorf";"Windpark Vachdorf GmbH & Co. KG";"ABR945103334969";"6.9.2026"
"SEE982938000218";"Windrad Hausdach 1";"In Betrieb";"16.3.2026";"4.5.2026";"Wind";"1";"1";"99885";"Ohrdruf";"(natürliche Person)";"ABR933901334977";"4.5.2026"
"SEE975022007057";"GR23";"In Planung";"";"2.4.2026";"Wind";"7200";"7200";"99718";"Greußen";"BOREAS Energie GmbH";"ABR909054335185";"2.4.2026"
"SEE960957229117";"GR25";"In Planung";"";"2.4.2026";"Wind";"6000";"6000";"99718";"Greußen";"BOREAS Energie GmbH";"ABR909054335185";"2.4.2026"
"SEE935904496584";"Buettstedt R04";"In Planung";"";"30.3.2026";"Wind";"4260";"4260";"37359";"Büttstedt";"GERES EnergieSysteme GmbH";"ABR965463074305";"30.3.2026"
"SEE985813475798";"Buettstedt R06";"In Planung";"";"30.3.2026";"Wind";"7000";"7000";"37359";"Büttstedt";"GERES EnergieSysteme GmbH";"ABR965463074305";"30.3.2026"
"SEE998625136955";"Buettstedt R07";"In Planung";"";"30.3.2026";"Wind";"7000";"7000";"37359";"Büttstedt";"GERES EnergieSysteme GmbH";"ABR965463074305";"30.3.2026"
"SEE970981782922";"Buettstedt R08";"In Planung";"";"30.3.2026";"Wind";"4260";"4260";"37359";"Büttstedt";"GERES EnergieSysteme GmbH";"ABR965463074305";"1.7.2026"
"SEE919799256416";"Buettstedt R11";"In Planung";"";"30.3.2026";"Wind";"4260";"4260";"37359";"Büttstedt";"GERES EnergieSysteme GmbH";"ABR965463074305";"30.3.2026"
"SEE987644803320";"Buettstedt R13";"In Planung";"";"30.3.2026";"Wind";"4260";"4260";"37359";"Büttstedt";"GERES EnergieSysteme GmbH";"ABR965463074305";"30.3.2026"
"SEE975201831572";"WP Gebstedt WEA 06";"In Planung";"";"29.3.2026";"Wind";"7200";"7200";"99510";"Apolda";"Windpark Gebstedt GmbH & Co. KG";"ABR920928815862";"29.3.2026"
"SEE910145993962";"WP Gebstedt WEA 07";"In Planung";"";"29.3.2026";"Wind";"7200";"7200";"99510";"Apolda";"Windpark Gebstedt GmbH & Co. KG";"ABR920928815862";"29.3.2026"
"SEE940619964136";"WEA Straußfurt 01";"In Planung";"";"27.3.2026";"Wind";"6800";"6800";"99634";"Straußfurt";"UKA Umweltgerechte Kraftanlagen GmbH & Co. KG";"ABR999408386086";"27.3.2026"
"SEE984903954526";"WEA Straußfurt 02";"In Planung";"";"27.3.2026";"Wind";"6800";"6800";"99634";"Straußfurt";"UKA Umweltgerechte Kraftanlagen GmbH & Co. KG";"ABR999408386086";"27.3.2026"
"SEE900841206558";"WEA Straußfurt 03";"In Planung";"";"27.3.2026";"Wind";"6800";"6800";"99634";"Straußfurt";"UKA Umweltgerechte Kraftanlagen GmbH & Co. KG";"ABR999408386086";"27.3.2026"
"SEE917771743107";"WP Großliebringen GRL1";"In Planung";"";"26.3.2026";"Wind";"7200";"7200";"99326";"Stadtilm";"enerlogo GmbH & Co. KG";"ABR956216717358";"2.4.2026"
"SEE927677533047";"WP Großliebringen GRL2";"In Planung";"";"26.3.2026";"Wind";"7200";"7200";"99326";"Stadtilm";"enerlogo GmbH & Co. KG";"ABR956216717358";"2.4.2026"
"SEE979335564511";"WP Großliebringen GRL3";"In Planung";"";"26.3.2026";"Wind";"7200";"7200";"99326";"Stadtilm";"enerlogo GmbH & Co. KG";"ABR956216717358";"2.4.2026"
"SEE970541622491";"WP Großliebringen GRL6";"In Planung";"";"26.3.2026";"Wind";"4200";"4200";"99326";"Stadtilm";"enerlogo GmbH & Co. KG";"ABR956216717358";"2.4.2026"
"SEE986631068346";"KWKA Stiftstr.";"In Betrieb";"8.3.2026";"10.3.2026";"Wind";"2,5";"2,5";"37308";"Schimberg";"(natürliche Person)";"ABR904670291174";"10.3.2026"
"SEE980258892216";"WP Gebstedt WEA 01";"In Betrieb";"22.12.2025";"23.1.2026";"Wind";"4200";"4200";"99510";"Ilmtal-Weinstraße";"Windpark Gebstedt EDF RE GmbH & Co. KG";"ABR982409438687";"21.8.2026"
"SEE914301870579";"KIN02";"In Planung";"";"12.1.2026";"Wind";"6000";"6000";"99638";"Kindelbrück";"BOREAS Energie GmbH";"ABR909054335185";"12.1.2026"
"SEE941507369545";"KIN03";"In Planung";"";"12.1.2026";"Wind";"6000";"6000";"99638";"Kindelbrück";"BOREAS Energie GmbH";"ABR909054335185";"12.1.2026"
"SEE907105728702";"KIN04";"In Planung";"";"12.1.2026";"Wind";"6200";"6200";"99638";"Kindelbrück";"BOREAS Energie GmbH";"ABR909054335185";"12.1.2026"
"SEE948166524889";"KIN05";"In Planung";"";"12.1.2026";"Wind";"6200";"6200";"99638";"Kindelbrück";"BOREAS Energie GmbH";"ABR909054335185";"12.1.2026"
"SEE931778506718";"KIN06";"In Planung";"";"12.1.2026";"Wind";"7200";"7200";"99638";"Kindelbrück";"BOREAS Energie GmbH";"ABR909054335185";"12.1.2026"
"SEE961565672388";"KIN07";"In Planung";"";"12.1.2026";"Wind";"7200";"7200";"99638";"Kindelbrück";"BOREAS Energie GmbH";"ABR909054335185";"12.1.2026"
"SEE947203472350";"KIN08";"In Planung";"";"12.1.2026";"Wind";"7200";"7200";"99638";"Kindelbrück";"BOREAS Energie GmbH";"ABR909054335185";"12.1.2026"
"SEE930440769185";"ABO Energy Windpark St. Gangloff WEA1";"In Planung";"";"7.1.2026";"Wind";"7000";"7000";"07629";"St. Gangloff";"ABO Energy WP St. Gangloff GmbH & Co. KG";"ABR950570238580";"30.3.2026"
"SEE919500411462";"ABO Energy Windpark St. Gangloff WEA2";"In Planung";"";"7.1.2026";"Wind";"7000";"7000";"07629";"St. Gangloff";"ABO Energy WP St. Gangloff GmbH & Co. KG";"ABR950570238580";"30.3.2026"
"SEE973789733707";"ABO Energy Windpark St. Gangloff WEA5";"In Planung";"";"7.1.2026";"Wind";"7000";"7000";"07629";"St. Gangloff";"ABO Energy WP St. Gangloff GmbH & Co. KG";"ABR950570238580";"30.3.2026"
"SEE976139552126";"ABO Energy Windpark St. Gangloff WEA6";"In Planung";"";"7.1.2026";"Wind";"7000";"7000";"07629";"St. Gangloff";"ABO Energy WP St. Gangloff GmbH & Co. KG";"ABR950570238580";"30.3.2026"
"SEE906122483809";"ABO Energy Windpark St. Gangloff WEA9";"In Planung";"";"7.1.2026";"Wind";"7000";"7000";"07629";"St. Gangloff";"ABO Energy WP St. Gangloff GmbH & Co. KG";"ABR950570238580";"30.3.2026"
"SEE907999564516";"WP Am Heilborn WEA 02";"In Planung";"";"30.12.2025";"Wind";"7200";"7200";"99198";"Udestedt";"PNE AG";"ABR919574103430";"30.12.2025"
"SEE996346365531";"WP Am Heilborn WEA 03";"In Planung";"";"30.12.2025";"Wind";"7200";"7200";"99198";"Udestedt";"PNE AG";"ABR919574103430";"30.12.2025"
"SEE973671800883";"WP Am Heilborn WEA 01";"In Planung";"";"30.12.2025";"Wind";"7200";"7200";"99198";"Udestedt";"PNE AG";"ABR919574103430";"30.12.2025"
"SEE953656847034";"WP Am Heilborn II WEA 04";"In Planung";"";"30.12.2025";"Wind";"7200";"7200";"99198";"Udestedt";"PNE AG";"ABR919574103430";"30.12.2025"
"SEE970776337733";"WP Am Heilborn II WEA 05";"In Planung";"";"30.12.2025";"Wind";"7200";"7200";"99198";"Udestedt";"PNE AG";"ABR919574103430";"30.12.2025"
"SEE984686309889";"WEA21";"In Planung";"";"22.12.2025";"Wind";"6200";"6200";"99441";"Magdala";"meridian Windpark Bucha III GmbH & Co.KG";"ABR964252174417";"22.12.2025"
"SEE946570524112";"WP Gebstedt WEA 02";"In Betrieb";"21.11.2025";"27.11.2025";"Wind";"4200";"4200";"99518";"Bad Sulza";"WKN Windpark Gebstedt GmbH & Co. KG";"ABR998574937467";"29.7.2026"
"SEE934079361710";"WP Gebstedt WEA 03";"In Betrieb";"14.11.2025";"27.11.2025";"Wind";"4200";"4200";"99510";"Ilmtal-Weinstraße";"WKN Windpark Gebstedt GmbH & Co. KG";"ABR998574937467";"6.8.2026"
"SEE992711537039";"TG08";"In Planung";"";"27.11.2025";"Wind";"7200";"7200";"99820";"Hörselberg-Hainich";"BOREAS Energie GmbH";"ABR909054335185";"27.11.2025"
"SEE934800429153";"WP Gebstedt WEA 05";"In Betrieb";"16.9.2025";"18.11.2025";"Wind";"4200";"4200";"99510";"Ilmtal-Weinstraße";"Windpark Gebstedt EDF RE GmbH & Co. KG";"ABR982409438687";"31.7.2026"
"SEE969099354640";"DS02";"In Planung";"";"16.10.2025";"Wind";"7200";"7200";"99100";"Döllstädt";"BOREAS Energie GmbH";"ABR909054335185";"16.10.2025"
"SEE949031370549";"OM25";"In Betrieb";"30.9.2025";"2.10.2025";"Wind";"6000";"6000";"99636";"Ostramondra";"Windkraft Roldisleben II GmbH & Co. KG";"ABR930528464988";"29.5.2026"
"SEE917673305601";"OL39";"In Betrieb";"30.9.2025";"2.10.2025";"Wind";"6000";"6000";"99628";"Buttstädt";"Windkraft Roldisleben II GmbH & Co. KG";"ABR930528464988";"29.5.2026"
"SEE955076694144";"WEA 1";"In Planung";"";"2.10.2025";"Wind";"7000";"7000";"07580";"Seelingstädt";"wpd Windpark Chursdorf GmbH & Co. KG";"ABR961293163639";"28.1.2026"
"SEE921800922470";"WEA 2";"In Planung";"";"2.10.2025";"Wind";"7000";"7000";"07580";"Seelingstädt";"wpd Windpark Chursdorf GmbH & Co. KG";"ABR961293163639";"28.1.2026"
"SEE972517176939";"WEA 3";"In Planung";"";"2.10.2025";"Wind";"7000";"7000";"07580";"Seelingstädt";"wpd Windpark Chursdorf GmbH & Co. KG";"ABR961293163639";"28.1.2026"
"SEE999248277568";"WP Großschwabhausen - WEA 01";"In Planung";"";"30.9.2025";"Wind";"5560";"5560";"99441";"Kleinschwabhausen";"Energiequelle GmbH";"ABR957301131660";"30.9.2025"
"SEE914191229075";"WP Großschwabhausen - WEA 06";"In Planung";"";"30.9.2025";"Wind";"5560";"5560";"99441";"Kleinschwabhausen";"Energiequelle GmbH";"ABR957301131660";"30.9.2025"
"SEE909417266798";"VB11";"In Betrieb";"18.8.2025";"19.8.2025";"Wind";"5600";"5600";"99610";"Sprötau";"Windkraft Vogelsberg II GmbH & Co. KG";"ABR942081798882";"26.11.2025"
"SEE972943050582";"VB12";"In Betrieb";"18.8.2025";"19.8.2025";"Wind";"5600";"5600";"99610";"Sprötau";"Windkraft Vogelsberg II GmbH & Co. KG";"ABR942081798882";"26.11.2025"
"SEE979058480594";"WEA 01";"In Planung";"";"4.7.2025";"Wind";"6000";"6000";"99974";"Mühlhausen";"Windpark Forstberg GmbH & Co. KG";"ABR975755627096";"4.7.2025"
"SEE922592293403";"WEA 02";"In Planung";"";"4.7.2025";"Wind";"6000";"6000";"99974";"Mühlhausen";"Windpark Forstberg GmbH & Co. KG";"ABR975755627096";"4.7.2025"
"SEE909299942452";"WEA 03";"In Planung";"";"4.7.2025";"Wind";"6000";"6000";"99974";"Mühlhausen";"Windpark Forstberg GmbH & Co. KG";"ABR975755627096";"4.7.2025"
"SEE930577114728";"WEA 04";"In Planung";"";"4.7.2025";"Wind";"6000";"6000";"99974";"Mühlhausen";"Windpark Forstberg GmbH & Co. KG";"ABR975755627096";"4.7.2025"
"SEE995528177894";"WEA 05";"In Planung";"";"4.7.2025";"Wind";"6000";"6000";"99974";"Mühlhausen";"Windpark Forstberg GmbH & Co. KG";"ABR975755627096";"4.7.2025"
"SEE991880836943";"WEA 06";"In Planung";"";"4.7.2025";"Wind";"6000";"6000";"99974";"Mühlhausen";"Windpark Forstberg GmbH & Co. KG";"ABR975755627096";"4.7.2025"
"SEE958080112581";"WEA 18";"In Planung";"";"2.7.2025";"Wind";"7200";"7200";"99098";"Erfurt";"Eurowind Energy GmbH";"ABR928567608968";"23.7.2025"
"SEE948612682095";"WEA 19";"In Planung";"";"2.7.2025";"Wind";"7200";"7200";"99098";"Erfurt";"Eurowind Energy GmbH";"ABR928567608968";"22.7.2025"
"SEE987023027118";"WEA 20";"In Planung";"";"2.7.2025";"Wind";"7200";"7200";"99098";"Erfurt";"Eurowind Energy GmbH";"ABR928567608968";"22.7.2025"
"SEE978872331372";"WEA 21";"In Planung";"";"2.7.2025";"Wind";"7200";"7200";"99098";"Erfurt";"Eurowind Energy GmbH";"ABR928567608968";"22.7.2025"
"SEE902417397691";"WEA 22";"In Planung";"";"2.7.2025";"Wind";"7200";"7200";"99098";"Erfurt";"Eurowind Energy GmbH";"ABR928567608968";"22.7.2025"
"SEE948264664111";"WEA 23";"In Planung";"";"2.7.2025";"Wind";"7200";"7200";"99098";"Erfurt";"Eurowind Energy GmbH";"ABR928567608968";"22.7.2025"
"SEE971698213297";"BH01";"In Planung";"";"30.6.2025";"Wind";"6000";"6000";"99994";"Nottertal-Heilinger Höhen";"BOREAS Energie GmbH";"ABR909054335185";"30.6.2025"
"SEE926298991779";"BH02";"In Planung";"";"30.6.2025";"Wind";"6000";"6000";"99994";"Nottertal-Heilinger Höhen";"BOREAS Energie GmbH";"ABR909054335185";"30.6.2025"
"SEE923242622307";"BH03";"In Planung";"";"30.6.2025";"Wind";"6000";"6000";"99994";"Nottertal-Heilinger Höhen";"BOREAS Energie GmbH";"ABR909054335185";"30.6.2025"
"SEE988844043998";"BH04";"In Planung";"";"30.6.2025";"Wind";"6000";"6000";"99994";"Nottertal-Heilinger Höhen";"BOREAS Energie GmbH";"ABR909054335185";"30.6.2025"
"SEE913735235749";"BH05";"In Planung";"";"30.6.2025";"Wind";"6000";"6000";"99994";"Nottertal-Heilinger Höhen";"BOREAS Energie GmbH";"ABR909054335185";"30.6.2025"
"SEE929493702638";"BH06";"In Planung";"";"30.6.2025";"Wind";"4200";"4200";"99994";"Nottertal-Heilinger Höhen";"BOREAS Energie GmbH";"ABR909054335185";"30.6.2025"
"SEE981189690797";"BH10";"In Planung";"";"30.6.2025";"Wind";"6000";"6000";"99994";"Nottertal-Heilinger Höhen";"BOREAS Energie GmbH";"ABR909054335185";"30.6.2025"
"SEE921049569771";"BH11";"In Planung";"";"30.6.2025";"Wind";"6000";"6000";"99994";"Nottertal-Heilinger Höhen";"BOREAS Energie GmbH";"ABR909054335185";"30.6.2025"
"SEE983318833952";"BH16";"In Planung";"";"30.6.2025";"Wind";"6000";"6000";"99994";"Nottertal-Heilinger Höhen";"BOREAS Energie GmbH";"ABR909054335185";"30.6.2025"
"SEE946834176156";"AS28";"In Planung";"";"30.6.2025";"Wind";"7200";"7200";"99947";"Bad Langensalza";"BOREAS Energie GmbH";"ABR909054335185";"30.6.2025"
"SEE963942762804";"AS29";"In Planung";"";"30.6.2025";"Wind";"7200";"7200";"99947";"Bad Langensalza";"BOREAS Energie GmbH";"ABR909054335185";"30.6.2025"
"SEE906464655865";"AS30";"In Planung";"";"30.6.2025";"Wind";"7200";"7200";"99947";"Bad Langensalza";"BOREAS Energie GmbH";"ABR909054335185";"30.6.2025"
"SEE947207171457";"AS31";"In Planung";"";"30.6.2025";"Wind";"7200";"7200";"99947";"Bad Langensalza";"BOREAS Energie GmbH";"ABR909054335185";"27.3.2026"
"SEE923288007045";"WL16";"In Planung";"";"30.6.2025";"Wind";"7200";"7200";"99947";"Bad Langensalza";"BOREAS Energie GmbH";"ABR909054335185";"30.6.2025"
"SEE929419628363";"WEA B";"In Planung";"";"30.6.2025";"Wind";"6800";"6800";"99735";"Werther";"Windpark Wipperdorf GmbH & Co. KG";"ABR922152381069";"30.6.2025"
"SEE952746252802";"WEA D";"In Planung";"";"30.6.2025";"Wind";"6800";"6800";"99735";"Werther";"Windpark Wipperdorf GmbH & Co. KG";"ABR922152381069";"30.6.2025"
"SEE965622057330";"WEA E";"In Planung";"";"30.6.2025";"Wind";"6800";"6800";"99735";"Werther";"Windpark Wipperdorf GmbH & Co. KG";"ABR922152381069";"30.6.2025"
"SEE908127526208";"WEA Werningshausen 02";"In Planung";"";"27.6.2025";"Wind";"6800";"6800";"99634";"Werningshausen";"UGE Werningshausen GmbH & Co. KG Umweltgerechte Energie";"ABR979218667858";"28.8.2026"
"SEE924559861731";"WEA Werningshausen 03";"In Planung";"";"27.6.2025";"Wind";"6800";"6800";"99634";"Werningshausen";"UGE Werningshausen GmbH & Co. KG Umweltgerechte Energie";"ABR979218667858";"28.8.2026"
"SEE981415392723";"WEA Werningshausen 04";"In Planung";"";"27.6.2025";"Wind";"6800";"6800";"99634";"Werningshausen";"UGE Werningshausen GmbH & Co. KG Umweltgerechte Energie";"ABR979218667858";"28.8.2026"
"SEE968703508400";"WEA Werningshausen 15";"In Planung";"";"27.6.2025";"Wind";"6800";"6800";"99634";"Werningshausen";"UGE Werningshausen GmbH & Co. KG Umweltgerechte Energie";"ABR979218667858";"28.8.2026"
"SEE915064672561";"Windrad";"In Betrieb";"5.5.2025";"2.6.2025";"Wind";"3";"3";"99765";"Auleben";"(natürliche Person)";"ABR991029915508";"2.6.2025"
"SEE944972457281";"Wundersleben Nord 1";"In Betrieb";"6.8.2025";"26.5.2025";"Wind";"6200";"6200";"99610";"Wundersleben";"WEA Wundersleben Nord 1 GmbH & Co. KG";"ABR980659966790";"14.11.2025"
"SEE952749950064";"Wundersleben Nord 2";"In Betrieb";"7.7.2025";"26.5.2025";"Wind";"6200";"6200";"99610";"Wundersleben";"WEA Wundersleben Nord 2 GmbH & Co. KG";"ABR924886067325";"14.11.2025"
"SEE960467057682";"WEA STR Süd";"In Betrieb";"26.5.2025";"26.5.2025";"Wind";"6000";"6000";"99610";"Wundersleben";"Windpark Wundersleben Mitte GmbH & Co. KG";"ABR949526884247";"11.11.2025"
"SEE906423721822";"SkyWind NG Windrad";"In Planung";"";"25.4.2025";"Wind";"1";"1";"99752";"Bleicherode";"(natürliche Person)";"ABR951138493670";"25.4.2025"
"SEE942385413924";"HL20";"In Planung";"";"17.4.2025";"Wind";"7200";"7200";"99955";"Herbsleben";"BOREAS Energie GmbH";"ABR909054335185";"17.4.2025"
"SEE917207668936";"HL21";"In Planung";"";"17.4.2025";"Wind";"7200";"7200";"99955";"Herbsleben";"BOREAS Energie GmbH";"ABR909054335185";"17.4.2025"
"SEE936675662529";"HL22";"In Planung";"";"17.4.2025";"Wind";"7200";"7200";"99955";"Herbsleben";"BOREAS Energie GmbH";"ABR909054335185";"17.4.2025"
"SEE929586953275";"HL23";"In Planung";"";"17.4.2025";"Wind";"7200";"7200";"99955";"Herbsleben";"BOREAS Energie GmbH";"ABR909054335185";"17.4.2025"
"SEE985475088923";"WEA 18";"In Planung";"";"1.4.2025";"Wind";"6200";"6200";"99441";"Magdala";"meridian Windpark Bucha III GmbH & Co.KG";"ABR964252174417";"30.3.2026"
"SEE981407551343";"WEA19";"In Planung";"";"1.4.2025";"Wind";"6200";"6200";"99441";"Magdala";"meridian Windpark Bucha III GmbH & Co.KG";"ABR964252174417";"1.4.2025"
"SEE909481671344";"WEA20";"In Planung";"";"1.4.2025";"Wind";"6200";"6200";"99441";"Magdala";"meridian Windpark Bucha III GmbH & Co.KG";"ABR964252174417";"1.4.2025"
"SEE906505213634";"TH21";"In Planung";"";"31.3.2025";"Wind";"5600";"5600";"99706";"Sondershausen";"BOREAS Energie GmbH";"ABR909054335185";"1.4.2025"
"SEE920111930372";"TH23";"In Planung";"";"31.3.2025";"Wind";"5600";"5600";"99706";"Sondershausen";"BOREAS Energie GmbH";"ABR909054335185";"1.4.2025"
"SEE946509084526";"TH24";"In Planung";"";"31.3.2025";"Wind";"5600";"5600";"99706";"Sondershausen";"BOREAS Energie GmbH";"ABR909054335185";"1.4.2025"
"SEE901423562772";"TH25";"In Planung";"";"31.3.2025";"Wind";"5600";"5600";"99706";"Sondershausen";"BOREAS Energie GmbH";"ABR909054335185";"1.4.2025"
"SEE926582701572";"TH26";"In Planung";"";"31.3.2025";"Wind";"5600";"5600";"99706";"Sondershausen";"BOREAS Energie GmbH";"ABR909054335185";"1.4.2025"
"SEE908344058148";"TH27";"In Planung";"";"31.3.2025";"Wind";"5600";"5600";"99706";"Sondershausen";"BOREAS Energie GmbH";"ABR909054335185";"1.4.2025"
"SEE942396457672";"TH28";"In Planung";"";"31.3.2025";"Wind";"5600";"5600";"99713";"Ebeleben";"BOREAS Energie GmbH";"ABR909054335185";"14.1.2026"
"SEE966591108757";"KA06";"In Planung";"";"31.3.2025";"Wind";"6000";"6000";"99713";"Helbedündorf";"Windkraft Keula II GmbH & Co. KG";"ABR943016667167";"2.9.2026"
"SEE909102428395";"KA09";"In Planung";"";"31.3.2025";"Wind";"6000";"6000";"99713";"Helbedündorf";"Windkraft Keula II GmbH & Co. KG";"ABR943016667167";"2.9.2026"
"SEE925194892241";"PF01.1";"In Planung";"";"31.3.2025";"Wind";"5600";"5600";"99510";"Ilmtal-Weinstraße";"BOREAS Energie GmbH";"ABR909054335185";"14.1.2026"
"SEE925700160925";"WEA Willerstedt";"In Planung";"";"6.3.2025";"Wind";"5600";"5600";"99510";"Ilmtal-Weinstraße";"Windpark Willerstedt GmbH";"ABR992972171492";"14.1.2026"
"SEE964950179639";"WEA Mörsdorf 01";"In Planung";"";"13.2.2025";"Wind";"5700";"5700";"07646";"Mörsdorf";"UGE Mörsdorf GmbH & Co. KG Umweltgerechte Energie";"ABR971423678445";"8.5.2026"
"SEE943058027653";"WP Herbsleben-Dachwig WEA 01";"In Betrieb";"23.1.2025";"27.1.2025";"Wind";"5700";"5700";"99100";"Döllstädt";"PNE WIND Park XXIII GmbH & Co.K G";"ABR912377580545";"6.2.2026"
"SEE974701728719";"WP Herbsleben-Dachwig WEA 02";"In Betrieb";"23.1.2025";"27.1.2025";"Wind";"5700";"5700";"99100";"Dachwig";"PNE WIND Park XXIII GmbH & Co.K G";"ABR912377580545";"6.2.2026"
"SEE926679922873";"WEA 2 Süd V 251422-02";"In Betrieb";"20.1.2025";"21.1.2025";"Wind";"6000";"6000";"99713";"Helbedündorf";"Windpark Keula GmbH & Co. KG";"ABR913356278590";"6.7.2026"
"SEE938546684487";"Ebenheim-Weingarten 2";"In Betrieb";"19.12.2024";"8.1.2025";"Wind";"4200";"4200";"99880";"Hörselgau";"Windenergie Ebenheim-Weingarten GmbH & Co. KG";"ABR957130817872";"9.4.2025"
"SEE992193565599";"WEA Nägelstedt 01";"In Planung";"";"27.12.2024";"Wind";"6800";"6800";"99947";"Bad Langensalza";"Windpark EKM Nägelstedt Zwei GmbH & Co. KG";"ABR986819527467";"1.9.2026"
"SEE990383440183";"WEA Nägelstedt 03";"In Planung";"";"27.12.2024";"Wind";"6800";"6800";"99947";"Bad Langensalza";"Windpark EKM Nägelstedt GmbH & Co. KG";"ABR993311461052";"18.8.2026"
"SEE929399964970";"WEA Nägelstedt 04";"In Planung";"";"27.12.2024";"Wind";"6800";"6800";"99947";"Bad Langensalza";"Windpark EKM Nägelstedt GmbH & Co. KG";"ABR993311461052";"18.8.2026"
"SEE978955922930";"WEA Nägelstedt 05";"In Planung";"";"27.12.2024";"Wind";"6800";"6800";"99947";"Bad Langensalza";"Windpark EKM Nägelstedt GmbH & Co. KG";"ABR993311461052";"18.8.2026"
"SEE992083797161";"WEA Nägelstedt 07";"In Planung";"";"27.12.2024";"Wind";"6800";"6800";"99947";"Bad Langensalza";"Windpark EKM Nägelstedt GmbH & Co. KG";"ABR993311461052";"18.8.2026"
"SEE945509926201";"WEA Nägelstedt 08";"In Planung";"";"27.12.2024";"Wind";"6800";"6800";"99947";"Bad Langensalza";"Windpark EKM Nägelstedt GmbH & Co. KG";"ABR993311461052";"18.8.2026"
"SEE914090005862";"WEA 12";"In Planung";"";"23.12.2024";"Wind";"6000";"6000";"99631";"Günstedt";"meridian Windpark Günstedt II GmbH & Co.KG";"ABR953999585013";"22.12.2025"
"SEE979730760020";"WEA 13.1";"In Planung";"";"23.12.2024";"Wind";"6200";"6200";"99631";"Günstedt";"meridian Windpark Günstedt II GmbH & Co.KG";"ABR953999585013";"22.12.2025"
"SEE962161869271";"WEA 14";"In Planung";"";"23.12.2024";"Wind";"7200";"7200";"99631";"Günstedt";"meridian Windpark Günstedt II GmbH & Co.KG";"ABR953999585013";"23.12.2024"
"SEE993657904916";"WEA 15";"In Planung";"";"23.12.2024";"Wind";"7200";"7200";"99631";"Günstedt";"meridian Windpark Günstedt II GmbH & Co.KG";"ABR953999585013";"23.12.2024"
"SEE947682296454";"WEA 16";"In Planung";"";"23.12.2024";"Wind";"6200";"6200";"99631";"Günstedt";"meridian Windpark Günstedt II GmbH & Co.KG";"ABR953999585013";"23.12.2024"
"SEE984005681597";"WEA 17";"In Planung";"";"23.12.2024";"Wind";"7200";"7200";"99638";"Kindelbrück";"meridian Windpark Günstedt II GmbH & Co.KG";"ABR953999585013";"23.12.2024"
"SEE901883677238";"WP Bilzingsleben - WEA 07";"In Planung";"";"19.12.2024";"Wind";"5560";"5560";"99638";"Kindelbrück";"Energiequelle GmbH";"ABR957301131660";"19.12.2024"
"SEE947679838056";"WP Bilzingsleben - WEA 08";"In Planung";"";"19.12.2024";"Wind";"5560";"5560";"99638";"Kindelbrück";"Energiequelle GmbH";"ABR957301131660";"19.12.2024"
"SEE906099806250";"WP Bilzingsleben - WEA 09";"In Planung";"";"19.12.2024";"Wind";"5560";"5560";"99638";"Kindelbrück";"Energiequelle GmbH";"ABR957301131660";"19.12.2024"
"SEE982718975521";"WP Bilzingsleben - WEA 10";"In Planung";"";"19.12.2024";"Wind";"5560";"5560";"99638";"Kindelbrück";"Energiequelle GmbH";"ABR957301131660";"19.12.2024"
"SEE938421090761";"VB29.1";"In Planung";"";"18.12.2024";"Wind";"7200";"7200";"99610";"Vogelsberg";"BOREAS Energie GmbH";"ABR909054335185";"24.4.2026"
"SEE944599970217";"VB30.1";"In Planung";"";"18.12.2024";"Wind";"7200";"7200";"99610";"Vogelsberg";"BOREAS Energie GmbH";"ABR909054335185";"24.4.2026"
"SEE993415826207";"VB31.1";"In Planung";"";"18.12.2024";"Wind";"7200";"7200";"99610";"Vogelsberg";"BOREAS Energie GmbH";"ABR909054335185";"24.4.2026"
"SEE985898386200";"VB32.1";"In Planung";"";"18.12.2024";"Wind";"7200";"7200";"99610";"Vogelsberg";"BOREAS Energie GmbH";"ABR909054335185";"24.4.2026"
"SEE979955065719";"VB33.1";"In Planung";"";"18.12.2024";"Wind";"7200";"7200";"99610";"Vogelsberg";"BOREAS Energie GmbH";"ABR909054335185";"24.4.2026"
"SEE957987437704";"VB34.1";"In Planung";"";"18.12.2024";"Wind";"7200";"7200";"99610";"Vogelsberg";"BOREAS Energie GmbH";"ABR909054335185";"24.4.2026"
"SEE910040688604";"VB37.1";"In Planung";"";"18.12.2024";"Wind";"7200";"7200";"99610";"Vogelsberg";"BOREAS Energie GmbH";"ABR909054335185";"24.4.2026"
"SEE910140119800";"WP Bilzingsleben - WEA 06";"In Planung";"";"18.12.2024";"Wind";"5560";"5560";"99638";"Kindelbrück";"Energiequelle GmbH";"ABR957301131660";"18.12.2024"
"SEE938154417125";"Wind";"In Betrieb";"29.10.2024";"20.11.2024";"Wind";"1";"1";"07368";"Remptendorf";"(natürliche Person)";"ABR960571373111";"20.11.2024"
"SEE925448815668";"Sky Wind NG";"In Betrieb";"18.11.2024";"19.11.2024";"Wind";"1";"1";"98630";"Römhild";"(natürliche Person)";"ABR999662994126";"16.7.2025"
"SEE920726277565";"windrad";"In Planung";"";"9.10.2024";"Wind";"1";"1";"98630";"Römhild";"(natürliche Person)";"ABR911403988287";"9.10.2024"
"SEE943916843111";"WEA 1";"In Planung";"";"2.10.2024";"Wind";"7200";"7200";"99444";"Blankenhain";"meridian Windpark Kleinlohma GmbH & Co. KG";"ABR988075400010";"2.10.2024"
"SEE950208476223";"WEA 2";"In Planung";"";"2.10.2024";"Wind";"7200";"7200";"99444";"Blankenhain";"meridian Windpark Kleinlohma GmbH & Co. KG";"ABR988075400010";"2.10.2024"
"SEE989403528130";"WEA 3";"In Planung";"";"2.10.2024";"Wind";"7200";"7200";"99444";"Blankenhain";"meridian Windpark Kleinlohma GmbH & Co. KG";"ABR988075400010";"2.10.2024"
"SEE915682535088";"WEA 4";"In Planung";"";"2.10.2024";"Wind";"7200";"7200";"99444";"Blankenhain";"meridian Windpark Kleinlohma GmbH & Co. KG";"ABR988075400010";"2.10.2024"
"SEE982995988504";"WEA 5";"In Planung";"";"2.10.2024";"Wind";"7200";"7200";"99444";"Blankenhain";"meridian Windpark Kleinlohma GmbH & Co. KG";"ABR988075400010";"2.10.2024"
"SEE961726766987";"WEA 6";"In Planung";"";"2.10.2024";"Wind";"7200";"7200";"99444";"Blankenhain";"meridian Windpark Kleinlohma GmbH & Co. KG";"ABR988075400010";"2.10.2024"
"SEE913496459774";"WEA 7";"In Planung";"";"2.10.2024";"Wind";"7200";"7200";"99444";"Blankenhain";"meridian Windpark Kleinlohma GmbH & Co. KG";"ABR988075400010";"2.10.2024"
"SEE985860064778";"WEA 8";"In Planung";"";"2.10.2024";"Wind";"7200";"7200";"99444";"Blankenhain";"meridian Windpark Kleinlohma GmbH & Co. KG";"ABR988075400010";"2.10.2024"
"SEE928534684469";"WEA Roldisleben 05a";"In Planung";"";"1.10.2024";"Wind";"6800";"6800";"99625";"Großneuhausen";"UGE Großneuhausen Zwei GmbH & Co. KG Umweltgereche Energie";"ABR910157888690";"16.6.2026"
"SEE967459183541";"WEA Roldisleben 06a";"In Planung";"";"1.10.2024";"Wind";"6800";"6800";"99625";"Großneuhausen";"UGE Großneuhausen Zwei GmbH & Co. KG Umweltgereche Energie";"ABR910157888690";"16.6.2026"
"SEE991586399742";"NK21";"In Planung";"";"1.10.2024";"Wind";"4200";"4200";"99817";"Eisenach";"Windkraft Neukirchen V GmbH & Co. KG";"ABR902000765470";"26.3.2026"
"SEE910676265750";"NK22";"In Planung";"";"1.10.2024";"Wind";"4200";"4200";"99817";"Eisenach";"Windkraft Neukirchen V GmbH & Co. KG";"ABR902000765470";"26.3.2026"
"SEE914057126180";"NK23";"In Planung";"";"1.10.2024";"Wind";"4200";"4200";"99817";"Eisenach";"Windkraft Neukirchen V GmbH & Co. KG";"ABR902000765470";"26.3.2026"
"SEE926538688902";"Nentzelsrode R2";"In Planung";"";"1.10.2024";"Wind";"4200";"4200";"99735";"Kleinfurra";"Windpark GmbH & Co. Repowering Nentzelsrode KG";"ABR928526499378";"26.3.2025"
"SEE933972038132";"NK24";"In Planung";"";"1.10.2024";"Wind";"5600";"5600";"99817";"Eisenach";"Windkraft Neukirchen V GmbH & Co. KG";"ABR902000765470";"26.3.2026"
"SEE928935997618";"WEA Nr. 2b";"In Planung";"";"30.9.2024";"Wind";"5560";"5560";"07774";"Frauenprießnitz";"Energieproduktion Frauenprießnitz GmbH & Co. KG";"ABR949243029891";"22.10.2025"
"SEE962393358710";"WEA 03";"In Planung";"";"27.9.2024";"Wind";"6800";"6800";"07806";"Neustadt";"meridian Windpark Schmieritz Gmbh & Co.KG";"ABR920157854823";"24.7.2026"
"SEE967291914495";"WEA 04";"In Planung";"";"27.9.2024";"Wind";"6800";"6800";"07806";"Neustadt";"meridian Windpark Schmieritz Gmbh & Co.KG";"ABR920157854823";"24.7.2026"
"SEE989257597191";"WEA 05";"In Planung";"";"27.9.2024";"Wind";"6800";"6800";"07806";"Neustadt";"meridian Windpark Schmieritz Gmbh & Co.KG";"ABR920157854823";"24.7.2026"
"SEE925134812766";"WEA 06";"In Planung";"";"27.9.2024";"Wind";"6800";"6800";"07806";"Neustadt";"meridian Windpark Schmieritz Gmbh & Co.KG";"ABR920157854823";"24.7.2026"
"SEE938135043312";"WEA 07";"In Planung";"";"27.9.2024";"Wind";"7200";"7200";"07806";"Neustadt";"meridian Windpark Schmieritz Gmbh & Co.KG";"ABR920157854823";"27.9.2024"
"SEE994493348476";"WEA 08";"In Planung";"";"27.9.2024";"Wind";"7200";"7200";"07806";"Neustadt";"meridian Windpark Schmieritz Gmbh & Co.KG";"ABR920157854823";"27.9.2024"
"SEE965635520517";"WEA 09";"In Planung";"";"27.9.2024";"Wind";"7200";"7200";"07806";"Neustadt";"meridian Windpark Schmieritz Gmbh & Co.KG";"ABR920157854823";"27.9.2024"
"SEE905282211598";"WEA 10";"In Planung";"";"27.9.2024";"Wind";"7200";"7200";"07806";"Neustadt";"meridian Windpark Schmieritz Gmbh & Co.KG";"ABR920157854823";"27.9.2024"
"SEE961471593456";"WEA 01";"In Planung";"";"27.9.2024";"Wind";"7200";"7200";"07646";"Eineborn";"meridian Windpark Eineborn GmbH & Co. KG";"ABR990824498438";"27.9.2024"
"SEE971724638773";"WEA 02";"In Planung";"";"27.9.2024";"Wind";"7200";"7200";"07646";"Eineborn";"meridian Windpark Eineborn GmbH & Co. KG";"ABR990824498438";"27.9.2024"
"SEE957999606631";"WEA 03";"In Planung";"";"27.9.2024";"Wind";"7200";"7200";"07646";"Eineborn";"meridian Windpark Eineborn GmbH & Co. KG";"ABR990824498438";"27.9.2024"
"SEE908257673810";"WEA 04";"In Planung";"";"27.9.2024";"Wind";"6200";"6200";"07646";"Eineborn";"meridian Windpark Eineborn GmbH & Co. KG";"ABR990824498438";"27.9.2024"
"SEE987885092460";"WEA 05";"In Planung";"";"27.9.2024";"Wind";"7200";"7200";"07646";"Eineborn";"meridian Windpark Eineborn GmbH & Co. KG";"ABR990824498438";"27.9.2024"
"SEE910052597970";"WP Werther West - WEA 11";"In Planung";"";"27.9.2024";"Wind";"6800";"6800";"99752";"Bleicherode";"Energiequelle GmbH";"ABR957301131660";"29.10.2024"
"SEE933236650797";"WP Werther West - WEA 12";"In Planung";"";"27.9.2024";"Wind";"6800";"6800";"99752";"Bleicherode";"Energiequelle GmbH";"ABR957301131660";"24.4.2025"
"SEE916718398516";"WP Werther West - WEA 13";"In Planung";"";"27.9.2024";"Wind";"6800";"6800";"99752";"Bleicherode";"Energiequelle GmbH";"ABR957301131660";"27.12.2024"
"SEE959918689992";"WP Werther West - WEA 18";"In Planung";"";"27.9.2024";"Wind";"6800";"6800";"99735";"Werther";"Energiequelle GmbH";"ABR957301131660";"27.12.2024"
"SEE918491763833";"WEA 1 (12) / Coppanz Repowering";"In Betrieb";"24.9.2024";"26.9.2024";"Wind";"5700";"5700";"07751";"Bucha";"GREE Coppanz GmbH & Co. KG";"ABR993970863273";"30.9.2025"
"SEE974332934282";"WEA 2 - 93309 (13) / Coppanz Repowering";"In Betrieb";"23.9.2024";"26.9.2024";"Wind";"5700";"5700";"07751";"Bucha";"Windfarm Weimar GmbH & Co. KG";"ABR997461667609";"25.7.2025"
"SEE922645766632";"WEA 3 - 93310 (14) / Coppanz Repowering";"In Betrieb";"23.9.2024";"26.9.2024";"Wind";"5700";"5700";"07751";"Bucha";"Windfarm Weimar GmbH & Co. KG";"ABR997461667609";"25.7.2025"
"SEE946090680060";"NK25";"In Planung";"";"25.9.2024";"Wind";"6200";"6200";"99817";"Eisenach";"Windkraft Neukirchen V GmbH & Co. KG";"ABR902000765470";"26.3.2026"
"SEE908884169120";"BH07.1";"In Planung";"";"24.9.2024";"Wind";"6000";"6000";"99994";"Nottertal-Heilinger Höhen";"Windkraft Bothenheilingen GmbH & Co. KG";"ABR980099361629";"2.1.2026"
"SEE954256989599";"BH08";"In Planung";"";"24.9.2024";"Wind";"6000";"6000";"99994";"Nottertal-Heilinger Höhen";"Windkraft Bothenheilingen GmbH & Co. KG";"ABR980099361629";"2.1.2026"
"SEE937020089282";"BH12";"In Planung";"";"24.9.2024";"Wind";"6000";"6000";"99994";"Nottertal-Heilinger Höhen";"Windkraft Bothenheilingen GmbH & Co. KG";"ABR980099361629";"2.1.2026"
"SEE954083046427";"BH13";"In Planung";"";"24.9.2024";"Wind";"6000";"6000";"99994";"Nottertal-Heilinger Höhen";"Windkraft Bothenheilingen GmbH & Co. KG";"ABR980099361629";"2.1.2026"
"SEE915508844660";"BH14";"In Planung";"";"24.9.2024";"Wind";"6000";"6000";"99994";"Nottertal-Heilinger Höhen";"Windkraft Bothenheilingen GmbH & Co. KG";"ABR980099361629";"2.1.2026"
"SEE928759835295";"BH15";"In Planung";"";"24.9.2024";"Wind";"6000";"6000";"99994";"Nottertal-Heilinger Höhen";"Windkraft Bothenheilingen GmbH & Co. KG";"ABR980099361629";"2.1.2026"
"SEE927927253671";"BH17";"In Planung";"";"24.9.2024";"Wind";"6000";"6000";"99994";"Nottertal-Heilinger Höhen";"Windkraft Bothenheilingen GmbH & Co. KG";"ABR980099361629";"2.1.2026"
"SEE964860079111";"BH18";"In Planung";"";"24.9.2024";"Wind";"6000";"6000";"99994";"Nottertal-Heilinger Höhen";"Windkraft Bothenheilingen GmbH & Co. KG";"ABR980099361629";"2.1.2026"
"SEE932729918253";"BH21.1";"In Planung";"";"24.9.2024";"Wind";"6000";"6000";"99994";"Nottertal-Heilinger Höhen";"BOREAS Energie GmbH";"ABR909054335185";"24.4.2026"
"SEE989102757671";"BH22";"In Planung";"";"24.9.2024";"Wind";"6000";"6000";"99994";"Nottertal-Heilinger Höhen";"Windkraft Bothenheilingen GmbH & Co. KG";"ABR980099361629";"2.1.2026"
"SEE973439849475";"BH23";"In Planung";"";"24.9.2024";"Wind";"6000";"6000";"99994";"Nottertal-Heilinger Höhen";"Windkraft Bothenheilingen GmbH & Co. KG";"ABR980099361629";"2.1.2026"
"SEE929397937464";"WEA Wundersl. 03";"In Betrieb";"18.9.2024";"19.9.2024";"Wind";"6800";"6800";"99610";"Wundersleben";"UGE Wundersleben GmbH & Co. KG Umweltgerechte Energie";"ABR930036992720";"12.9.2025"
"SEE909785491358";"WEA Wundersl. 04";"In Betrieb";"18.9.2024";"19.9.2024";"Wind";"6800";"6800";"99610";"Wundersleben";"UGE Wundersleben GmbH & Co. KG Umweltgerechte Energie";"ABR930036992720";"12.9.2025"
"SEE998857505413";"WEA-1 N175";"In Planung";"";"18.9.2024";"Wind";"6800";"6800";"07619";"Schkölen";"Windpark Wetzdorf Repowering";"ABR950162309698";"9.9.2026"
"SEE919951377201";"WEA-2 N175";"In Planung";"";"18.9.2024";"Wind";"6800";"6800";"07619";"Schkölen";"Windpark Wetzdorf Repowering";"ABR950162309698";"9.9.2026"
"SEE934826202389";"WEA-3 N175";"In Planung";"";"18.9.2024";"Wind";"6800";"6800";"07619";"Schkölen";"Windpark Wetzdorf Repowering";"ABR950162309698";"9.9.2026"
"SEE965850317916";"WEA-4 N175";"In Planung";"";"18.9.2024";"Wind";"6800";"6800";"07619";"Schkölen";"Windpark Wetzdorf Repowering";"ABR950162309698";"9.9.2026"
"SEE923901667403";"WEA-5 N175";"In Planung";"";"18.9.2024";"Wind";"6800";"6800";"07619";"Schkölen";"Windpark Wetzdorf Repowering";"ABR950162309698";"9.9.2026"
"SEE905300219773";"WEA-6 N175";"In Planung";"";"18.9.2024";"Wind";"6800";"6800";"07619";"Schkölen";"Windpark Wetzdorf Repowering";"ABR950162309698";"9.9.2026"
"SEE962923008573";"BH19";"In Planung";"";"14.8.2024";"Wind";"6200";"6200";"99994";"Nottertal-Heilinger Höhen";"Windkraft Tornow T05 GmbH & Co. KG";"ABR929183377122";"19.8.2024"
"SEE924385935002";"BH24";"In Planung";"";"14.8.2024";"Wind";"6200";"6200";"99994";"Nottertal-Heilinger Höhen";"Windkraft Tornow T05 GmbH & Co. KG";"ABR929183377122";"14.8.2024"
"SEE937280152054";"BH25";"In Planung";"";"14.8.2024";"Wind";"6200";"6200";"99994";"Nottertal-Heilinger Höhen";"Windkraft Tornow T05 GmbH & Co. KG";"ABR929183377122";"14.8.2024"
"SEE970872342174";"BH26";"In Planung";"";"14.8.2024";"Wind";"6200";"6200";"99994";"Nottertal-Heilinger Höhen";"Windkraft Tornow T05 GmbH & Co. KG";"ABR929183377122";"14.8.2024"
"SEE999851787393";"Garagendach";"In Betrieb";"30.4.2024";"3.7.2024";"Wind";"1";"1";"07646";"Schlöben";"(natürliche Person)";"ABR926238607524";"3.7.2024"
"SEE919615154629";"VB22.1";"In Planung";"";"3.4.2024";"Wind";"6000";"6000";"99610";"Sprötau";"Windkraft Vogelsberg III GmbH & Co. KG";"ABR973772383001";"7.4.2026"
"SEE942715461199";"Tanna-Unterkoskau WEA 03";"In Planung";"";"3.4.2024";"Wind";"6000";"6000";"07922";"Tanna";"JUWI GmbH";"ABR941190092140";"1.4.2026"
"SEE924401845049";"WP Sömmerda WEA 01";"In Planung";"";"1.4.2024";"Wind";"5560";"5560";"99610";"Sömmerda";"Energiequelle GmbH";"ABR957301131660";"17.6.2024"
"SEE964769476066";"WP Sömmerda WEA 02";"In Planung";"";"1.4.2024";"Wind";"5560";"5560";"99610";"Sömmerda";"Energiequelle GmbH";"ABR957301131660";"17.6.2024"
"SEE926090628903";"WP Sömmerda WEA 03";"In Planung";"";"1.4.2024";"Wind";"5560";"5560";"99610";"Sömmerda";"Energiequelle GmbH";"ABR957301131660";"17.6.2024"
"SEE953783680832";"WP Sömmerda WEA 04";"In Planung";"";"1.4.2024";"Wind";"5560";"5560";"99610";"Sömmerda";"Energiequelle GmbH";"ABR957301131660";"17.6.2024"
"SEE929940913686";"Windrad";"In Betrieb";"15.3.2024";"27.3.2024";"Wind";"20";"20";"07955";"Auma-Weidatal";"Schmidt Elektrotechnik e. K. Inhaber Ralph Schmidt";"ABR958416084483";"19.1.2026"
"SEE961268431824";"Nentzelsrode R1";"In Planung";"";"26.3.2024";"Wind";"4200";"4200";"99765";"Uthleben";"Alterric Deutschland GmbH";"ABR927397646904";"1.7.2026"
"SEE919323670619";"WEA01";"In Planung";"";"25.3.2024";"Wind";"6200";"6200";"99631";"Günstedt";"meridian Windpark Günstedt GmbH & Co.KG";"ABR987569224750";"1.9.2026"
"SEE940870112529";"WEA02";"In Planung";"";"25.3.2024";"Wind";"6200";"6200";"99638";"Kindelbrück";"meridian Windpark Günstedt GmbH & Co.KG";"ABR987569224750";"1.9.2026"
"SEE971351085551";"WEA05";"In Planung";"";"25.3.2024";"Wind";"6200";"6200";"99638";"Kindelbrück";"meridian Windpark Günstedt II GmbH & Co.KG";"ABR953999585013";"22.12.2025"
"SEE961190647898";"WEA06";"In Planung";"";"25.3.2024";"Wind";"6200";"6200";"99638";"Kindelbrück";"meridian Windpark Günstedt GmbH & Co.KG";"ABR987569224750";"22.12.2025"
"SEE948812296214";"WEA08";"In Planung";"";"25.3.2024";"Wind";"6200";"6200";"99631";"Günstedt";"meridian Windpark Günstedt GmbH & Co.KG";"ABR987569224750";"4.9.2025"
"SEE963937530036";"WEA09";"In Planung";"";"25.3.2024";"Wind";"6200";"6200";"99631";"Günstedt";"meridian Windpark Günstedt GmbH & Co.KG";"ABR987569224750";"22.12.2025"
"SEE920007650674";"WEA10";"In Planung";"";"25.3.2024";"Wind";"6200";"6200";"99631";"Günstedt";"meridian Windpark Günstedt GmbH & Co.KG";"ABR987569224750";"22.12.2025"
"SEE909768416286";"WEA11";"In Planung";"";"25.3.2024";"Wind";"6200";"6200";"99631";"Günstedt";"meridian Windpark Günstedt GmbH & Co.KG";"ABR987569224750";"4.9.2025"
"SEE935676431035";"WEA Großsaara 02";"In Planung";"";"21.2.2024";"Wind";"6800";"6800";"07589";"Saara";"UGE Großsaara GmbH & Co. KG Umweltgerechte Energie";"ABR975918431676";"2.2.2026"
"SEE935497437568";"WEA 1";"In Planung";"";"4.1.2024";"Wind";"6000";"6000";"98617";"Neubrunn";"eno energy GmbH";"ABR918822616838";"4.9.2025"
"SEE900904636315";"WEA 2";"In Planung";"";"4.1.2024";"Wind";"6000";"6000";"98617";"Neubrunn";"eno energy GmbH";"ABR918822616838";"4.9.2025"
"SEE941273251747";"WEA01";"In Planung";"";"3.1.2024";"Wind";"6800";"6800";"07806";"Neustadt";"meridian Windpark Schmieritz Gmbh & Co.KG";"ABR920157854823";"24.7.2026"
"SEE992175763197";"WEA02";"In Planung";"";"3.1.2024";"Wind";"6800";"6800";"07806";"Neustadt";"meridian Windpark Schmieritz Gmbh & Co.KG";"ABR920157854823";"24.7.2026"
"SEE998914715793";"IR25.1";"In Planung";"";"21.12.2023";"Wind";"4260";"4260";"99706";"Sondershausen";"BOREAS Energie GmbH";"ABR909054335185";"24.4.2026"
"SEE966108964661";"Treppendorf-Erweiterung-WEA-W1";"In Planung";"";"21.12.2023";"Wind";"5600";"5600";"07407";"Rudolstadt";"Windpark Treppendorf Erweiterung GmbH & Co. KG";"ABR938085979150";"21.10.2025"
"SEE940104335472";"Treppendorf-Erweiterung-WEA-W2";"In Planung";"";"21.12.2023";"Wind";"5600";"5600";"07407";"Rudolstadt";"Windpark Treppendorf Erweiterung GmbH & Co. KG";"ABR938085979150";"21.10.2025"
"SEE945769386999";"Treppendorf-Erweiterung-WEA-W3";"In Planung";"";"21.12.2023";"Wind";"5600";"5600";"07407";"Rudolstadt";"Windpark Treppendorf Erweiterung GmbH & Co. KG";"ABR938085979150";"21.10.2025"
"SEE999135564092";"Antaris";"In Betrieb";"30.3.2017";"13.12.2023";"Wind";"7,5";"7,5";"04617";"Starkenberg";"(natürliche Person)";"ABR987325756525";"17.12.2025"
"SEE960107271720";"Tanna-Unterkoskau WEA 01";"In Planung";"";"28.11.2023";"Wind";"6000";"6000";"07922";"Tanna";"JUWI GmbH";"ABR941190092140";"1.4.2026"
"SEE975456161578";"Tanna-Unterkoskau WEA 02";"In Planung";"";"28.11.2023";"Wind";"6000";"6000";"07922";"Tanna";"JUWI GmbH";"ABR941190092140";"1.4.2026"
"SEE961070355806";"SW-TRE8";"In Planung";"";"20.11.2023";"Wind";"3600";"3600";"07407";"Rudolstadt";"Sabowind GmbH";"ABR973785508064";"14.1.2026"
"SEE913977010258";"Vestas V17";"In Betrieb";"1.11.2023";"9.11.2023";"Wind";"75";"75";"99610";"Sömmerda";"(natürliche Person)";"ABR966714134854";"13.9.2024"
"SEE934617116260";"Windpark Allrichberg_WEA 02";"In Planung";"";"8.11.2023";"Wind";"4800";"4800";"07937";"Zeulenroda-Triebes";"RWE Renewables Zweite Beteiligungs GmbH";"ABR960318949074";"28.11.2025"
"SEE903017049164";"WEA 03 Windpark Allrichberg";"In Planung";"";"8.11.2023";"Wind";"5700";"5700";"07937";"Zeulenroda-Triebes";"RWE Renewables Zweite Beteiligungs GmbH";"ABR960318949074";"28.11.2025"
"SEE944045215091";"Windpark Allrichberg WEA 04";"In Planung";"";"8.11.2023";"Wind";"5700";"5700";"07937";"Zeulenroda-Triebes";"RWE Renewables Zweite Beteiligungs GmbH";"ABR960318949074";"28.11.2025"
"SEE929134210942";"Windpark Allrichberg WEA 05";"In Planung";"";"8.11.2023";"Wind";"4800";"4800";"07937";"Zeulenroda-Triebes";"RWE Renewables Zweite Beteiligungs GmbH";"ABR960318949074";"28.11.2025"
"SEE950358952974";"WEA 06 Windpark Allrichberg";"In Planung";"";"8.11.2023";"Wind";"5700";"5700";"07937";"Zeulenroda-Triebes";"RWE Renewables Zweite Beteiligungs GmbH";"ABR960318949074";"28.11.2025"
"SEE996582132454";"VB13";"In Planung";"";"6.11.2023";"Wind";"4200";"4200";"99610";"Vogelsberg";"Windkraft Vogelsberg III GmbH & Co. KG";"ABR973772383001";"7.4.2026"
"SEE960938552418";"WEA Fpr. 03";"In Betrieb";"9.10.2023";"16.10.2023";"Wind";"6800";"6800";"07619";"Schkölen";"UGE Poppendorf GmbH & Co. KG Umweltgerechte Energie";"ABR973513306672";"6.3.2025"
"SEE989594149688";"Treppendorf-Erweiterung-WEA-J1";"In Planung";"";"3.10.2023";"Wind";"3450";"3450";"07407";"Rudolstadt";"Windpark Treppendorf Erweiterung GmbH & Co. KG";"ABR938085979150";"21.10.2025"
"SEE982992095908";"Treppendorf-Erweiterung-WEA-J2";"In Planung";"";"3.10.2023";"Wind";"3450";"3450";"07407";"Rudolstadt";"Windpark Treppendorf Erweiterung GmbH & Co. KG";"ABR938085979150";"21.10.2025"
"SEE968505728136";"Treppendorf-Erweiterung-WEA-J3";"In Planung";"";"3.10.2023";"Wind";"3450";"3450";"07407";"Rudolstadt";"Windpark Treppendorf Erweiterung GmbH & Co. KG";"ABR938085979150";"21.10.2025"
"SEE966058757641";"Treppendorf-Erweiterung-WEA-J5";"In Planung";"";"3.10.2023";"Wind";"3450";"3450";"07407";"Rudolstadt";"Windpark Treppendorf Erweiterung GmbH & Co. KG";"ABR938085979150";"21.10.2025"
"SEE921264007379";"WEA Fpr. 01";"In Betrieb";"19.9.2023";"26.9.2023";"Wind";"6800";"6800";"07619";"Schkölen";"UGE Poppendorf GmbH & Co. KG Umweltgerechte Energie";"ABR973513306672";"6.3.2025"
"SEE914814406777";"WEA Fpr. 02";"In Betrieb";"19.9.2023";"26.9.2023";"Wind";"6800";"6800";"07619";"Schkölen";"UGE Poppendorf GmbH & Co. KG Umweltgerechte Energie";"ABR973513306672";"6.3.2025"
"SEE977424782198";"WEA 1";"In Planung";"";"20.9.2023";"Wind";"7000";"7000";"98660";"Beinerstadt";"JWP Jade Windpark GmbH & Co. 24. Betriebs KG";"ABR943748352324";"5.1.2026"
"SEE922396350883";"WEA 2";"In Planung";"";"20.9.2023";"Wind";"7000";"7000";"98660";"Beinerstadt";"JWP Jade Windpark GmbH & Co. 24. Betriebs KG";"ABR943748352324";"5.1.2026"
"SEE984078473099";"WEA 3";"In Planung";"";"20.9.2023";"Wind";"7000";"7000";"98660";"Beinerstadt";"JWP Jade Windpark GmbH & Co. 24. Betriebs KG";"ABR943748352324";"5.1.2026"
"SEE975158494523";"GR15";"In Planung";"";"30.8.2023";"Wind";"6000";"6000";"99718";"Greußen";"BOREAS Windfeld Greußen III GmbH & Co.KG";"ABR923767519526";"14.10.2025"
"SEE985046630124";"GR17";"In Planung";"";"30.8.2023";"Wind";"6000";"6000";"99718";"Greußen";"BOREAS Windfeld Greußen IV GmbH & Co.KG";"ABR992646315429";"14.10.2025"
"SEE998676853559";"GR18";"In Planung";"";"30.8.2023";"Wind";"6000";"6000";"99718";"Greußen";"BOREAS Windfeld Greußen III GmbH & Co.KG";"ABR923767519526";"14.10.2025"
"SEE962120339821";"GR19";"In Planung";"";"30.8.2023";"Wind";"6000";"6000";"99718";"Greußen";"BOREAS Windfeld Greußen IV GmbH & Co.KG";"ABR992646315429";"14.10.2025"
"SEE997949171680";"GR20";"In Planung";"";"30.8.2023";"Wind";"6000";"6000";"99718";"Greußen";"BOREAS Windfeld Greußen III GmbH & Co.KG";"ABR923767519526";"14.10.2025"
"SEE950186659038";"GR21";"In Planung";"";"30.8.2023";"Wind";"6000";"6000";"99718";"Greußen";"BOREAS Windfeld Greußen IV GmbH & Co.KG";"ABR992646315429";"14.10.2025"
"SEE901623819256";"GR22.1";"In Planung";"";"30.8.2023";"Wind";"6000";"6000";"99718";"Greußen";"BOREAS Windfeld Greußen IV GmbH & Co.KG";"ABR992646315429";"14.10.2025"
"SEE920008497414";"GV23.2";"In Planung";"";"22.8.2023";"Wind";"6000";"6000";"99958";"Großvargula";"Windkraft Großvargula III GmbH & Co. KG";"ABR978717123056";"16.2.2026"
"SEE981018008359";"GV24.1";"In Planung";"";"22.8.2023";"Wind";"6000";"6000";"99958";"Großvargula";"Windkraft Großvargula III GmbH & Co. KG";"ABR978717123056";"16.2.2026"
"SEE978251474720";"GV27.1";"In Planung";"";"22.8.2023";"Wind";"5600";"5600";"99958";"Großvargula";"BOREAS Energie GmbH";"ABR909054335185";"24.4.2026"
"SEE983097880673";"GV28.1";"In Planung";"";"22.8.2023";"Wind";"5600";"5600";"99958";"Großvargula";"BOREAS Energie GmbH";"ABR909054335185";"24.4.2026"
"SEE918771027549";"GV32.1";"In Planung";"";"22.8.2023";"Wind";"6000";"6000";"99958";"Großvargula";"Windkraft Großvargula III GmbH & Co. KG";"ABR978717123056";"16.2.2026"
"SEE916373557150";"GV33.2";"In Planung";"";"22.8.2023";"Wind";"5600";"5600";"99958";"Großvargula";"Windkraft Großvargula III GmbH & Co. KG";"ABR978717123056";"16.2.2026"
"SEE977207999096";"WEA 3 Nord V 243435-03";"In Betrieb";"11.7.2023";"12.7.2023";"Wind";"3600";"3600";"99713";"Helbedündorf";"Windpark Keula GmbH & Co. KG";"ABR913356278590";"30.1.2026"
"SEE932429140978";"WEA 5 Nord V 243434-05";"In Betrieb";"10.7.2023";"12.7.2023";"Wind";"4200";"4200";"99713";"Helbedündorf";"Windpark Keula GmbH & Co. KG";"ABR913356278590";"1.10.2025"
"SEE942007453345";"WEA 6 Nord V 243433-06";"In Betrieb";"10.7.2023";"12.7.2023";"Wind";"4200";"4200";"99713";"Helbedündorf";"Windpark Keula GmbH & Co. KG";"ABR913356278590";"30.1.2026"
"SEE995524352141";"OM24.1";"In Planung";"";"14.6.2023";"Wind";"7200";"7200";"99636";"Ostramondra";"BOREAS Energie GmbH";"ABR909054335185";"22.1.2026"
"SEE985442657749";"BACH05.1";"In Planung";"";"14.6.2023";"Wind";"6200";"6200";"99636";"Rastenberg";"BOREAS Energie GmbH";"ABR909054335185";"23.12.2025"
"SEE978526003891";"Marlec_Windrad";"In Betrieb";"1.5.2023";"4.5.2023";"Wind";"0,49";"0,49";"99438";"Buchfart";"(natürliche Person)";"ABR905431823580";"6.3.2025"
"SEE917868662472";"V-243039 02";"In Betrieb";"20.12.2022";"6.1.2023";"Wind";"3450";"3450";"99880";"Teutleben";"Windpark Am Hainberg GmbH & Co. KG";"ABR910706326345";"20.11.2024"
"SEE903422313539";"V-243038 01";"In Betrieb";"20.12.2022";"4.1.2023";"Wind";"3600";"3600";"99880";"Teutleben";"Windpark Am Hainberg GmbH & Co. KG";"ABR910706326345";"20.11.2024"
"SEE953763932289";"Eliasbrunn M1500";"In Betrieb";"22.10.1993";"28.12.2022";"Wind";"600";"600";"07368";"Remptendorf";"Wagenblast-Technik GmbH";"ABR985584755921";"19.2.2026"
"SEE989278247341";"WEA10";"In Betrieb";"24.11.2022";"24.11.2022";"Wind";"6000";"6000";"99869";"Nessetal";"meridian Windpark Brüheim GmbH & Co.KG";"ABR991103235737";"2.5.2023"
"SEE969017802253";"WEA12";"In Betrieb";"24.11.2022";"24.11.2022";"Wind";"6000";"6000";"99869";"Nessetal";"meridian Windpark Brüheim GmbH & Co.KG";"ABR991103235737";"2.5.2023"
"SEE962907604968";"Windrad Tischendorf";"In Betrieb";"19.10.2022";"9.11.2022";"Wind";"7,5";"7,5";"07955";"Auma-Weidatal";"Sebastian Leucht";"ABR926680503559";"9.11.2022"
"SEE929469633782";"WN 13";"In Betrieb";"21.10.2022";"4.11.2022";"Wind";"4200";"4200";"99869";"Nessetal";"GSW Windmühle Westhausen 13 GmbH & Co. KG";"ABR939318560794";"16.2.2024"
"SEE974454056572";"HH 57";"In Betrieb";"29.9.2022";"28.10.2022";"Wind";"4200";"4200";"99869";"Nessetal";"Windkraft Hochheim VI GmbH & Co. KG";"ABR901405091191";"23.11.2023"
"SEE999758320853";"HH 58";"In Betrieb";"29.9.2022";"28.10.2022";"Wind";"4200";"4200";"99869";"Nessetal";"Windkraft Hochheim VI GmbH & Co. KG";"ABR901405091191";"23.11.2023"
"SEE984968515021";"TL 09";"In Betrieb";"19.9.2022";"22.9.2022";"Wind";"5600";"5600";"99947";"Tottleben";"Windkraft Kirchheilingen VIII GmbH & Co. KG";"ABR921145526470";"8.6.2023"
"SEE985622071662";"KH 63";"In Betrieb";"19.9.2022";"22.9.2022";"Wind";"5600";"5600";"99947";"Kirchheilingen";"Windkraft Kirchheilingen VIII GmbH & Co. KG";"ABR921145526470";"8.6.2023"
"SEE991127630068";"KH 60";"In Betrieb";"18.8.2022";"19.8.2022";"Wind";"4200";"4200";"99947";"Kirchheilingen";"Windkraft Kirchheilingen VIII GmbH & Co. KG";"ABR921145526470";"8.6.2023"
"SEE990675255563";"AU15";"In Planung";"";"28.7.2022";"Wind";"5600";"5600";"07955";"Auma-Weidatal";"BOREAS Energie GmbH";"ABR909054335185";"24.4.2026"
"SEE977285553685";"AU16";"In Planung";"";"28.7.2022";"Wind";"5600";"5600";"07955";"Auma-Weidatal";"BOREAS Energie GmbH";"ABR909054335185";"24.4.2026"
"SEE945207522811";"ROL 05";"In Betrieb";"4.7.2022";"14.7.2022";"Wind";"4200";"4200";"99636";"Rastenberg";"Windkraft Roldisleben GmbH & Co. KG";"ABR955975541112";"20.12.2024"
"SEE967185107187";"ROL 06";"In Betrieb";"4.7.2022";"14.7.2022";"Wind";"4200";"4200";"99636";"Rastenberg";"Windkraft Roldisleben 06 UG (haftungsbeschränkt) & Co. KG";"ABR956925988551";"20.12.2024"
"SEE901378915128";"KE 09";"In Betrieb";"7.7.2022";"14.7.2022";"Wind";"5600";"5600";"99718";"Greußen";"BOREAS Windfeld Kirchengel III GmbH & Co. KG";"ABR911732186552";"3.4.2023"
"SEE941441945935";"KE 10";"In Betrieb";"7.7.2022";"14.7.2022";"Wind";"5600";"5600";"99718";"Greußen";"BOREAS Windfeld Kirchengel III GmbH & Co. KG";"ABR911732186552";"3.4.2023"
"SEE951605275990";"WEA 05";"In Betrieb";"14.6.2022";"15.6.2022";"Wind";"4200";"4200";"07580";"Großenstein";"meridian Windpark Großenstein III GmbH & Co.KG";"ABR930367745927";"20.12.2024"
"SEE991507477672";"WEA 06";"In Betrieb";"14.6.2022";"15.6.2022";"Wind";"4200";"4200";"07580";"Großenstein";"meridian Windpark Großenstein III GmbH & Co.KG";"ABR930367745927";"20.12.2024"
"SEE921857910871";"WEA 03";"In Betrieb";"14.6.2022";"15.6.2022";"Wind";"3600";"3600";"07580";"Großenstein";"meridian Windpark Beerwalde GmbH & Co.KG";"ABR918931836462";"20.12.2024"
"SEE945278781391";"WEA 04";"In Betrieb";"14.6.2022";"15.6.2022";"Wind";"3600";"3600";"07580";"Großenstein";"meridian Windpark Beerwalde GmbH & Co.KG";"ABR918931836462";"20.12.2024"
"SEE980023540885";"BR09";"In Betrieb";"12.5.2022";"23.5.2022";"Wind";"5600";"5600";"99869";"Nessetal";"Windkraft Brüheim GmbH & Co. KG";"ABR984804651951";"16.1.2025"
"SEE978184384974";"VB09";"In Betrieb";"30.3.2022";"1.4.2022";"Wind";"4200";"4200";"99439";"Am Ettersberg";"Windkraft Vogelsberg GmbH & Co. KG";"ABR903991767658";"14.10.2024"
"SEE965854078721";"VB10";"In Betrieb";"30.3.2022";"1.4.2022";"Wind";"4200";"4200";"99439";"Am Ettersberg";"Windkraft Vogelsberg GmbH & Co. KG";"ABR903991767658";"14.10.2024"
"SEE984449516080";"Windrad Langenhain";"In Betrieb";"2.11.2012";"16.3.2022";"Wind";"3,5";"3,5";"99880";"Waltershausen";"(natürliche Person)";"ABR941016814956";"12.1.2024"
"SEE938332935106";"OL 38";"In Betrieb";"18.1.2022";"19.1.2022";"Wind";"4200";"4200";"99628";"Buttstädt";"Windkraft Roldisleben GmbH & Co. KG";"ABR955975541112";"20.12.2024"
"SEE954324300011";"IR26.2";"In Planung";"";"19.1.2022";"Wind";"7000";"7000";"99706";"Sondershausen";"Windkraft Am Kyffhäuser GmbH & Co.KG";"ABR970303514996";"4.5.2026"
"SEE944654917331";"IR27.2";"In Planung";"";"19.1.2022";"Wind";"7000";"7000";"99706";"Sondershausen";"Windkraft Am Kyffhäuser GmbH & Co.KG";"ABR970303514996";"4.5.2026"
"SEE980727093830";"IR28.2";"In Planung";"";"19.1.2022";"Wind";"7000";"7000";"99706";"Sondershausen";"Windkraft Am Kyffhäuser GmbH & Co.KG";"ABR970303514996";"4.5.2026"
"SEE993613226793";"IR29.2";"In Planung";"";"19.1.2022";"Wind";"7000";"7000";"99706";"Sondershausen";"Windkraft Am Kyffhäuser GmbH & Co.KG";"ABR970303514996";"4.5.2026"
"SEE958265978162";"IR30.2";"In Planung";"";"19.1.2022";"Wind";"7000";"7000";"99706";"Sondershausen";"Windkraft Am Kyffhäuser GmbH & Co.KG";"ABR970303514996";"4.5.2026"
"SEE946602308505";"IR31.2";"In Planung";"";"19.1.2022";"Wind";"7000";"7000";"99706";"Sondershausen";"Windkraft Am Kyffhäuser GmbH & Co.KG";"ABR970303514996";"4.5.2026"
"SEE979617428227";"IR32.2";"In Planung";"";"19.1.2022";"Wind";"7000";"7000";"99706";"Sondershausen";"Windkraft Am Kyffhäuser GmbH & Co.KG";"ABR970303514996";"4.5.2026"
"SEE946073593752";"OM 23";"In Betrieb";"12.1.2022";"14.1.2022";"Wind";"4200";"4200";"99636";"Ostramondra";"Windkraft Roldisleben GmbH & Co. KG";"ABR955975541112";"20.12.2024"
"SEE997363639353";"ROL 07";"In Betrieb";"23.12.2021";"5.1.2022";"Wind";"4200";"4200";"99636";"Rastenberg";"Windkraft Roldisleben GmbH & Co. KG";"ABR955975541112";"20.12.2024"
"SEE989334219367";"Windkraft Linda";"In Betrieb";"1.2.1996";"26.12.2021";"Wind";"5";"5";"07580";"Linda";"(natürliche Person)";"ABR954916043654";"17.2.2023"
"SEE953943854950";"WEA GNH UK 01a";"In Betrieb";"23.12.2021";"23.12.2021";"Wind";"5600";"5600";"99625";"Großneuhausen";"UGE Großneuhausen GmbH & Co. KG Umweltgerechte Energie";"ABR932469004940";"22.11.2024"
"SEE944802969953";"WEA GNH UK 07a";"In Betrieb";"23.12.2021";"23.12.2021";"Wind";"5600";"5600";"99625";"Großneuhausen";"UGE Großneuhausen GmbH & Co. KG Umweltgerechte Energie";"ABR932469004940";"22.11.2024"
"SEE903677649803";"WEA 7";"In Betrieb";"21.10.2021";"22.10.2021";"Wind";"4200";"4200";"07819";"Triptis";"meridian Windpark Auma GmbH & Co.KG";"ABR914218863831";"20.12.2024"
"SEE976343752572";"WEA 8";"In Betrieb";"21.10.2021";"22.10.2021";"Wind";"4200";"4200";"07955";"Auma-Weidatal";"meridian Windpark Auma GmbH & Co.KG";"ABR914218863831";"20.12.2024"
"SEE959225557229";"BG 09";"In Betrieb";"9.8.2021";"26.8.2021";"Wind";"4200";"4200";"99955";"Blankenburg";"Windkraft Kirchheilingen VII GmbH & Co. KG";"ABR922990447545";"19.12.2024"
"SEE929873926937";"KH 59";"In Betrieb";"19.8.2021";"26.8.2021";"Wind";"4200";"4200";"99947";"Kirchheilingen";"Windkraft Kirchheilingen VII GmbH & Co. KG";"ABR922990447545";"19.12.2024"
"SEE948045222653";"AN Bonus 600 Nitzschka";"In Betrieb";"22.10.1996";"12.8.2021";"Wind";"600";"600";"04626";"Schmölln";"PR Windkraft GmbH";"ABR932681258701";"1.12.2022"
"SEE963568365953";"Rep 12";"In Planung";"";"19.7.2021";"Wind";"3450";"3450";"99518";"Schmiedehausen";"EDF power solutions Deutschland GmbH";"ABR949305957117";"16.1.2025"
"SEE968897184459";"CEE Windpark Ebenheim WEA 01";"In Betrieb";"8.6.2021";"28.6.2021";"Wind";"5500";"5500";"99869";"Ebenheim";"CEE Windpark Ebenheim GmbH & Co. KG";"ABR941620176310";"16.12.2024"
"SEE961077271321";"CEE Windpark Ebenheim WEA 02";"In Betrieb";"11.6.2021";"28.6.2021";"Wind";"5500";"5500";"99869";"Ebenheim";"CEE Windpark Ebenheim GmbH & Co. KG";"ABR941620176310";"16.12.2024"
"SEE972991010576";"SW-TAN13";"In Betrieb";"27.5.2021";"7.6.2021";"Wind";"3500";"3500";"07922";"Tanna";"Sabowindanlage Tanna";"ABR951342391984";"18.12.2024"
"SEE932364454703";"Windkraftanlage";"In Betrieb";"28.8.2014";"4.6.2021";"Wind";"2,5";"2,5";"99610";"Sömmerda";"(natürliche Person)";"ABR912381898568";"7.6.2023"
"SEE935719287933";"WKA 2200";"In Betrieb";"11.11.1996";"17.5.2021";"Wind";"600";"600";"98744";"Schwarzatal";"SALIX Oberweißbach GmbH";"ABR955693123591";"13.12.2024"
"SEE931356087813";"WKA Stobra";"In Betrieb";"11.1.1995";"12.5.2021";"Wind";"500";"500";"99518";"Bad Sulza";"(natürliche Person)";"ABR900673746697";"8.3.2022"
"SEE931249830748";"Windkraftanlagen";"In Betrieb";"17.1.2013";"12.5.2021";"Wind";"6,7";"6,7";"99996";"Unstruttal";"(natürliche Person)";"ABR996364331426";"10.12.2024"
"SEE937519661029";"Windkraft Mühlhäuser Straße 1b";"In Betrieb";"19.11.2013";"11.5.2021";"Wind";"15";"15";"99976";"Rodeberg";"(natürliche Person)";"ABR990627450473";"23.1.2023"
"SEE974014997895";". ABR946908377656";"In Betrieb";"1.7.2016";"19.4.2021";"Wind";"9,5";"9,5";"07907";"Tegau";"(natürliche Person)";"ABR907755002016";"2.5.2023"
"SEE992055259550";"WINDRAD";"In Betrieb";"17.1.2017";"5.4.2021";"Wind";"5";"5";"99834";"Gerstungen";"(natürliche Person)";"ABR910647471012";"12.7.2022"
"SEE932471928456";"CEE Windpark Töttleben WEA 1";"In Betrieb";"30.3.2021";"31.3.2021";"Wind";"5500";"5500";"99098";"Erfurt";"CEE Windpark Töttleben GmbH & Co. KG";"ABR926165903591";"12.12.2024"
"SEE993553527424";"Windrad KWEA FD6.0-5KW";"In Betrieb";"23.3.2015";"20.3.2021";"Wind";"5";"5";"07806";"Neustadt";"(natürliche Person)";"ABR944540748322";"27.2.2024"
"SEE926325438734";"Windkraftanlage";"In Betrieb";"1.5.2016";"19.3.2021";"Wind";"1,2";"1,2";"99897";"Tambach-Dietharz";"Kinderhospiz Mitteldeutschland gGmbH";"ABR937756232785";"19.3.2021"
"SEE994674670099";"Schröder/Alma";"Endgültig stillgelegt";"26.10.2016";"10.3.2021";"Wind";"0,6";"0,6";"07318";"Saalfeld";"(natürliche Person)";"";"22.5.2024"
"SEE964350600108";"HL17";"In Betrieb";"11.2.2021";"6.3.2021";"Wind";"4200";"4200";"99955";"Herbsleben";"Windkraft Herbsleben VII GmbH & Co. KG";"ABR907830704712";"5.5.2026"
"SEE980134918900";"HL19";"In Betrieb";"11.2.2021";"6.3.2021";"Wind";"4200";"4200";"99955";"Herbsleben";"Windkraft Herbsleben VII GmbH & Co. KG";"ABR907830704712";"5.5.2026"
"SEE962689083418";"Windrad";"In Betrieb";"22.8.2012";"5.2.2021";"Wind";"4,6";"4,6";"99976";"Rodeberg";"Lackiererei Menge GmbH & Co.KG";"ABR939635844270";"5.2.2021"
"SEE981831632014";"WINA.G";"In Betrieb";"23.10.1997";"1.2.2021";"Wind";"500";"500";"99837";"Werra-Suhl-Tal";"WINAG.G Windkraftanlagen GmbH";"ABR972693168988";"8.1.2026"
"SEE907487811597";"WH 07";"In Betrieb";"22.12.1999";"31.1.2021";"Wind";"1500";"1500";"99869";"Nessetal";"BOREAS Energie GmbH";"ABR909054335185";"26.9.2022"
"SEE910965713122";"WH 02";"In Betrieb";"17.12.1999";"31.1.2021";"Wind";"1500";"1500";"99869";"Nessetal";"BOREAS Energie GmbH";"ABR909054335185";"21.10.2022"
"SEE940963170559";"TL 01";"In Betrieb";"21.1.2005";"31.1.2021";"Wind";"2000";"2000";"99947";"Kirchheilingen";"(natürliche Person)";"ABR942646020458";"31.8.2021"
"SEE970567990857";"ADIB";"In Betrieb";"25.9.2001";"29.1.2021";"Wind";"1500";"1500";"99947";"Bad Langensalza";"ALG Aschara Landwirtschaftsgesellschaft mbH";"ABR919922805221";"14.8.2023"
"SEE933160822017";"NK01";"Endgültig stillgelegt";"16.3.2000";"29.1.2021";"Wind";"1300";"1300";"99817";"Eisenach";"(natürliche Person)";"";"17.12.2024"
"SEE976909743709";"NK07";"Endgültig stillgelegt";"28.2.2000";"29.1.2021";"Wind";"1300";"1300";"99817";"Eisenach";"BOREAS Energie GmbH";"ABR909054335185";"1.9.2025"
"SEE940993279352";"NK09";"In Betrieb";"27.12.2002";"29.1.2021";"Wind";"1500";"1500";"99817";"Eisenach";"BOREAS Energie GmbH";"ABR909054335185";"18.6.2026"
"SEE997911419550";"Fu 01 Her";"In Betrieb";"29.10.1996";"29.1.2021";"Wind";"98";"98";"07629";"Hermsdorf";"Hermsdorf - Wind GbR";"ABR971806075496";"13.5.2026"
"SEE985649808760";"Windmühle 1";"In Betrieb";"7.10.1997";"28.1.2021";"Wind";"600";"600";"04618";"Göpfersdorf";"(natürliche Person)";"ABR939622411355";"12.4.2021"
"SEE959927519365";"Sünna V44 -nr.2558";"In Betrieb";"9.4.1998";"28.1.2021";"Wind";"600";"600";"36414";"Unterbreizbach";"ENOVA Windpark Sünna GmbH & Co. KG";"ABR980779067964";"21.7.2025"
"SEE910585280592";"Windmühle WKA";"In Betrieb";"1.10.1997";"28.1.2021";"Wind";"600";"600";"04618";"Göpfersdorf";"WKA Göpfersdorf Fritzsche GbR";"ABR979831840294";"11.11.2021"
"SEE901128245055";"Sünna V44 -nr.2559";"In Betrieb";"9.4.1998";"28.1.2021";"Wind";"600";"600";"36404";"Sünna";"ENOVA Windpark Sünna GmbH & Co. KG";"ABR980779067964";"25.2.2022"
"SEE963625807501";"Sünna V44 -nr.2560";"In Betrieb";"9.4.1998";"28.1.2021";"Wind";"600";"600";"36404";"Sünna";"ENOVA Windpark Sünna GmbH & Co. KG";"ABR980779067964";"25.2.2022"
"SEE942019830394";"Sünna V47 -nr.1626";"In Betrieb";"27.1.2000";"28.1.2021";"Wind";"660";"660";"36404";"Sünna";"ENOVA Windpark Sünna GmbH & Co. KG";"ABR980779067964";"25.2.2022"
"SEE966789155464";"Sünna V47 -nr.1627";"In Betrieb";"27.1.2000";"28.1.2021";"Wind";"660";"660";"36404";"Sünna";"ENOVA Windpark Sünna GmbH & Co. KG";"ABR980779067964";"25.2.2022"
"SEE918488579423";"AU01";"In Betrieb";"28.12.1995";"28.1.2021";"Wind";"500";"500";"07955";"Auma-Weidatal";"BOREAS Energie GmbH";"ABR909054335185";"15.9.2021"
"SEE936841461949";"GL02";"Endgültig stillgelegt";"27.6.2002";"28.1.2021";"Wind";"1500";"1500";"99634";"Gangloffsömmern";"(natürliche Person)";"";"7.7.2025"
"SEE966749654655";"KH05";"In Betrieb";"20.10.1999";"28.1.2021";"Wind";"1300";"1300";"99947";"Kirchheilingen";"BOREAS Energie GmbH";"ABR909054335185";"15.9.2021"
"SEE927065898314";"KH12";"Endgültig stillgelegt";"28.12.2000";"28.1.2021";"Wind";"1500";"1500";"99947";"Kirchheilingen";"(natürliche Person)";"";"19.1.2023"
"SEE973423445683";"Windkraft in Bürgerhand";"Endgültig stillgelegt";"1.12.1997";"26.1.2021";"Wind";"500";"500";"07955";"Auma-Weidatal";"(natürliche Person)";"";"27.2.2023"
"SEE936525704881";"NK-B-3-F";"In Betrieb";"2.4.1998";"26.1.2021";"Wind";"500";"500";"99817";"Eisenach";"BOREAS Energie GmbH";"ABR909054335185";"2.3.2023"
"SEE953018580913";"NK-B-4-F";"In Betrieb";"30.3.1998";"26.1.2021";"Wind";"500";"500";"99817";"Eisenach";"BOREAS Energie GmbH";"ABR909054335185";"18.6.2026"
"SEE912814297692";"NK-B-5-F";"Endgültig stillgelegt";"30.3.1998";"26.1.2021";"Wind";"500";"500";"99817";"Eisenach";"BOREAS Energie GmbH";"ABR909054335185";"18.8.2026"
"SEE958995770425";"NK-B-6-F";"In Betrieb";"31.3.1998";"26.1.2021";"Wind";"500";"500";"99817";"Eisenach";"BOREAS Energie GmbH";"ABR909054335185";"2.3.2023"
"SEE920949860247";"NK-B-2-F";"Endgültig stillgelegt";"7.4.1998";"26.1.2021";"Wind";"500";"500";"99817";"Eisenach";"(natürliche Person)";"";"1.12.2022"
"SEE997718021093";"AU 02";"In Betrieb";"31.12.1995";"26.1.2021";"Wind";"500";"500";"07955";"Auma-Weidatal";"BOREAS Energie GmbH";"ABR909054335185";"15.9.2021"
"SEE962609347088";"WKA Hartha";"In Betrieb";"6.2.1996";"26.1.2021";"Wind";"600";"600";"04626";"Schmölln";"BWW Gesellschaft für umweltschonende Energie mbH";"ABR922428949887";"10.7.2024"
"SEE901254459012";"HR01";"Endgültig stillgelegt";"11.8.2000";"25.1.2021";"Wind";"600";"600";"99817";"Eisenach";"(natürliche Person)";"";"6.10.2025"
"SEE946196572382";"HR03";"Endgültig stillgelegt";"22.4.2002";"25.1.2021";"Wind";"600";"600";"99817";"Eisenach";"(natürliche Person)";"";"6.10.2025"
"SEE981217701488";"AU 04";"Endgültig stillgelegt";"18.6.1998";"23.1.2021";"Wind";"1500";"1500";"07955";"Auma-Weidatal";"(natürliche Person)";"";"5.3.2025"
"SEE960405864303";"NK-B-1-F";"In Betrieb";"3.4.1998";"23.1.2021";"Wind";"500";"500";"99817";"Eisenach";"BOREAS Energie GmbH";"ABR909054335185";"2.3.2023"
"SEE933212650551";"E53 531489";"In Betrieb";"12.9.2013";"22.1.2021";"Wind";"800";"800";"99518";"Bad Sulza";"mhw gmbh & Co. KG";"ABR995110989911";"9.2.2026"
"SEE984799089173";"E82 825366";"In Betrieb";"12.9.2013";"22.1.2021";"Wind";"2300";"2300";"99518";"Bad Sulza";"mcu energy systems gmbh & Co. KG";"ABR926051395974";"19.10.2023"
"SEE916178592721";"E82 825365";"In Betrieb";"12.9.2013";"22.1.2021";"Wind";"2300";"2300";"99518";"Bad Sulza";"mcu energy systems gmbh & Co. KG";"ABR926051395974";"19.10.2023"
"SEE962868123638";"E82 825817";"In Betrieb";"7.7.2014";"22.1.2021";"Wind";"2300";"2300";"99518";"Bad Sulza";"jhu energy systems gmbh & Co KG";"ABR944396715813";"19.10.2023"
"SEE909728309658";"E82 825815";"In Betrieb";"7.7.2014";"22.1.2021";"Wind";"2300";"2300";"99518";"Bad Sulza";"jhu energy systems gmbh & Co KG";"ABR944396715813";"19.10.2023"
"SEE965734568694";"E82 825816";"In Betrieb";"7.7.2014";"22.1.2021";"Wind";"2300";"2300";"99518";"Bad Sulza";"jhu energy systems gmbh & Co KG";"ABR944396715813";"19.10.2023"
"SEE929094746918";"ADM03";"In Betrieb";"18.9.2006";"21.1.2021";"Wind";"2000";"2000";"99195";"Schloßvippach";"Erzeugergemeinschaft Schloßvippach GbR";"ABR959505979512";"20.12.2024"
"SEE925081454675";"ADM04";"In Betrieb";"14.9.2006";"21.1.2021";"Wind";"2000";"2000";"99195";"Schloßvippach";"Erzeugergemeinschaft Schloßvippach GbR";"ABR959505979512";"20.12.2024"
"SEE993091877050";"ADM11";"In Betrieb";"8.9.2006";"21.1.2021";"Wind";"2000";"2000";"99195";"Schloßvippach";"Erzeugergemeinschaft Schloßvippach GbR";"ABR959505979512";"20.12.2024"
"SEE941817972855";"ADM09";"In Betrieb";"18.8.2006";"21.1.2021";"Wind";"2000";"2000";"99195";"Schloßvippach";"Erzeugergemeinschaft Schloßvippach GbR";"ABR959505979512";"4.8.2025"
"SEE997567851469";"ADM10";"In Betrieb";"18.8.2006";"21.1.2021";"Wind";"2000";"2000";"99195";"Schloßvippach";"Erzeugergemeinschaft Schloßvippach GbR";"ABR959505979512";"4.8.2025"
"SEE973408387786";"ADM12";"In Betrieb";"18.9.2006";"21.1.2021";"Wind";"2000";"2000";"99195";"Schloßvippach";"Erzeugergemeinschaft Schloßvippach GbR";"ABR959505979512";"20.12.2024"
"SEE999414413370";"ADM05";"In Betrieb";"20.9.2007";"21.1.2021";"Wind";"2000";"2000";"99195";"Schloßvippach";"Erzeugergemeinschaft Schloßvippach GbR";"ABR959505979512";"20.12.2024"
"SEE998212912009";"ADM06";"In Betrieb";"21.9.2007";"21.1.2021";"Wind";"2000";"2000";"99195";"Schloßvippach";"Erzeugergemeinschaft Schloßvippach GbR";"ABR959505979512";"20.12.2024"
"SEE944219406614";"ADM07";"In Betrieb";"27.8.2007";"21.1.2021";"Wind";"2000";"2000";"99195";"Schloßvippach";"Erzeugergemeinschaft Schloßvippach GbR";"ABR959505979512";"20.12.2024"
"SEE914062879200";"ADM08";"In Betrieb";"20.9.2007";"21.1.2021";"Wind";"2000";"2000";"99195";"Schloßvippach";"Erzeugergemeinschaft Schloßvippach GbR";"ABR959505979512";"20.12.2024"
"SEE971655865743";"V67565 (WEA 11)";"In Betrieb";"19.12.2002";"20.1.2021";"Wind";"900";"900";"07774";"Frauenprießnitz";"QE Frauenprießnitz GmbH";"ABR981226237763";"5.5.2023"
"SEE919564935492";"NK-B-15-F";"Endgültig stillgelegt";"23.12.2004";"20.1.2021";"Wind";"2000";"2000";"99817";"Eisenach";"Windkraft Neukirchen III GmbH & Co. KG";"ABR922982185561";"18.8.2026"
"SEE963377989913";"NK-B-16-F";"In Betrieb";"23.12.2004";"20.1.2021";"Wind";"2000";"2000";"99817";"Eisenach";"Windkraft Neukirchen III GmbH & Co. KG";"ABR922982185561";"18.6.2026"
"SEE909391039890";"NK-B-27-F";"Endgültig stillgelegt";"23.12.2004";"20.1.2021";"Wind";"2000";"2000";"99817";"Eisenach";"Windkraft Neukirchen III GmbH & Co. KG";"ABR922982185561";"18.8.2026"
"SEE979903246467";"Windrad Mehna Rittergut Schwanditz";"In Betrieb";"11.11.1993";"19.1.2021";"Wind";"250";"250";"04626";"Mehna";"(natürliche Person)";"ABR949806780009";"7.5.2026"
"SEE933778147205";"ABR909161316220";"In Betrieb";"25.2.1999";"19.1.2021";"Wind";"1500";"1500";"99195";"Schloßvippach";"Windpark Dielsdorf GmbH & Co. KG";"ABR909161316220";"20.9.2022"
"SEE988579954354";"ABR909161316220";"In Betrieb";"24.2.1999";"19.1.2021";"Wind";"1500";"1500";"99195";"Schloßvippach";"Windpark Dielsdorf GmbH & Co. KG";"ABR909161316220";"20.9.2022"
"SEE923151773275";"WEA 14-3";"In Betrieb";"15.1.2021";"18.1.2021";"Wind";"4200";"4200";"99441";"Magdala";"meridian Windpark Bucha II GmbH & Co.KG";"ABR971899498660";"20.12.2024"
"SEE996358976626";"WEA Meuselwitz Guss";"In Betrieb";"21.4.2004";"18.1.2021";"Wind";"600";"600";"04613";"Lucka";"Giga Energy - Meuselwitz Guss Windkraftanlagen GbR";"ABR901893165046";"2.8.2021"
"SEE918104540905";"BS 19";"In Betrieb";"17.12.2020";"16.1.2021";"Wind";"4200";"4200";"99869";"Nessetal";"Windkraft Keula GmbH & Co. KG";"ABR966684469673";"5.5.2026"
"SEE926527105069";"Oettersdorf";"In Betrieb";"21.4.1998";"16.1.2021";"Wind";"600";"600";"07907";"Oettersdorf";"H+F Energie GmbH & Co KG";"ABR979676443018";"18.9.2021"
"SEE953033247563";"TG 07";"In Betrieb";"31.12.2015";"16.1.2021";"Wind";"2000";"2000";"99820";"Hörselberg-Hainich";"Windkraft Tüngeda 07 GmbH & Co. KG";"ABR954161982555";"2.3.2026"
"SEE962721851265";"Windkraftanlage Rodeberg E44/1";"In Betrieb";"8.3.2002";"15.1.2021";"Wind";"600";"600";"99976";"Rodeberg";"(natürliche Person)";"ABR923979365881";"31.8.2021"
"SEE954831742816";"kleine WEA";"In Betrieb";"8.3.2002";"15.1.2021";"Wind";"600";"600";"99976";"Rodeberg";"(natürliche Person)";"ABR914552238845";"30.8.2021"
"SEE920188336176";"Wiese hinter Haus";"In Betrieb";"29.1.2015";"15.1.2021";"Wind";"12";"12";"07955";"Auma-Weidatal";"(natürliche Person)";"ABR979050078522";"18.2.2021"
"SEE950068421807";"Windkraftanlage Rodeberg E44 /2";"In Betrieb";"8.3.2002";"15.1.2021";"Wind";"600";"600";"99976";"Rodeberg";"(natürliche Person)";"ABR923979365881";"31.8.2021"
"SEE935035998940";"Windkraftanlage Rodeberg E66";"In Betrieb";"5.10.2003";"15.1.2021";"Wind";"1800";"1800";"99976";"Rodeberg";"(natürliche Person)";"ABR923979365881";"31.8.2021"
"SEE906082431360";"Micon Diedorf";"In Betrieb";"11.10.1995";"15.1.2021";"Wind";"600";"600";"99988";"Diedorf";"(natürliche Person)";"ABR923979365881";"10.9.2021"
"SEE905426381453";"Windkraftanlage Eigenrieden E-40 L";"In Betrieb";"4.2.1998";"15.1.2021";"Wind";"500";"500";"99976";"Rodeberg";"(natürliche Person)";"ABR923979365881";"27.8.2021"
"SEE973678328847";"Windkraftanlage Eigenrieden E-40 S";"In Betrieb";"12.2.1998";"15.1.2021";"Wind";"500";"500";"99976";"Rodeberg";"(natürliche Person)";"ABR923979365881";"10.9.2021"
"SEE946855741517";"große WEA";"In Betrieb";"15.10.2003";"15.1.2021";"Wind";"1800";"1800";"99976";"Rodeberg";"(natürliche Person)";"ABR914552238845";"15.1.2021"
"SEE921078188745";"WKA1 SAHRAH (KE 16)";"In Betrieb";"10.3.1999";"13.1.2021";"Wind";"750";"750";"99718";"Greußen";"BOREAS Energie GmbH";"ABR909054335185";"15.9.2021"
"SEE961242284309";"TW600";"In Betrieb";"15.11.1995";"13.1.2021";"Wind";"600";"600";"98597";"Breitungen";"B und F GmbH & Co. KG";"ABR917186784429";"31.8.2021"
"SEE999262043880";"WKA2 MIRKY (KE 15)";"In Betrieb";"10.3.1999";"13.1.2021";"Wind";"750";"750";"99718";"Greußen";"BOREAS Energie GmbH";"ABR909054335185";"15.9.2021"
"SEE942389696514";"WKA3 CINDY (KE 14)";"In Betrieb";"10.3.1999";"13.1.2021";"Wind";"750";"750";"99718";"Greußen";"BOREAS Energie GmbH";"ABR909054335185";"15.9.2021"
"SEE941213466125";"WKA4 MARCO (KE 13)";"In Betrieb";"10.3.1999";"13.1.2021";"Wind";"750";"750";"99718";"Greußen";"BOREAS Energie GmbH";"ABR909054335185";"15.9.2021"
"SEE929849254996";"WKA5 LUKE (KE 12)";"In Betrieb";"10.3.1999";"13.1.2021";"Wind";"750";"750";"99718";"Greußen";"BOREAS Energie GmbH";"ABR909054335185";"15.9.2021"
"SEE903125274281";"WKA11 MICELE (KE 11)";"In Betrieb";"10.3.1999";"13.1.2021";"Wind";"750";"750";"99718";"Greußen";"BOREAS Energie GmbH";"ABR909054335185";"15.9.2021"
"SEE968717912903";"GV 23";"In Planung";"";"12.1.2021";"Wind";"5600";"5600";"99958";"Großvargula";"BOREAS Energie GmbH";"ABR909054335185";"22.1.2026"
"SEE983974648501";"GV 24";"In Planung";"";"12.1.2021";"Wind";"5600";"5600";"99958";"Großvargula";"BOREAS Energie GmbH";"ABR909054335185";"22.1.2026"
"SEE954824883397";"GV 25.1";"In Planung";"";"12.1.2021";"Wind";"6000";"6000";"99958";"Großvargula";"Windkraft Großvargula III GmbH & Co. KG";"ABR978717123056";"16.2.2026"
"SEE965731578726";"GV 26.2";"In Planung";"";"12.1.2021";"Wind";"6000";"6000";"99958";"Großvargula";"Windkraft Großvargula III GmbH & Co. KG";"ABR978717123056";"16.2.2026"
"SEE976876100581";"GV 27";"In Planung";"";"12.1.2021";"Wind";"5600";"5600";"99958";"Großvargula";"BOREAS Energie GmbH";"ABR909054335185";"22.1.2026"
"SEE945774631916";"GV 28";"In Planung";"";"12.1.2021";"Wind";"5600";"5600";"99958";"Großvargula";"BOREAS Energie GmbH";"ABR909054335185";"22.1.2026"
"SEE916218808621";"GV 29.2";"In Planung";"";"12.1.2021";"Wind";"3450";"3450";"99958";"Großvargula";"BOREAS Energie GmbH";"ABR909054335185";"24.4.2026"
"SEE966813685134";"GV 30.1";"In Planung";"";"12.1.2021";"Wind";"6000";"6000";"99958";"Großvargula";"Windkraft Großvargula III GmbH & Co. KG";"ABR978717123056";"16.2.2026"
"SEE964075982084";"GV 31.2";"In Planung";"";"12.1.2021";"Wind";"6000";"6000";"99958";"Großvargula";"Windkraft Großvargula III GmbH & Co. KG";"ABR978717123056";"16.2.2026"
"SEE909518104517";"GV 32";"In Planung";"";"12.1.2021";"Wind";"5600";"5600";"99958";"Großvargula";"BOREAS Energie GmbH";"ABR909054335185";"22.1.2026"
"SEE956289848010";"GV 33";"In Planung";"";"12.1.2021";"Wind";"5600";"5600";"99958";"Großvargula";"BOREAS Energie GmbH";"ABR909054335185";"22.1.2026"
"SEE947802522968";"KL 01";"In Betrieb";"27.7.2006";"11.1.2021";"Wind";"2000";"2000";"99955";"Kutzleben";"Windkraft Kutzleben III GmbH & Co. KG";"ABR935335894171";"14.10.2024"
"SEE988545869194";"KL 03";"In Betrieb";"13.7.2006";"11.1.2021";"Wind";"2000";"2000";"99955";"Kutzleben";"Windkraft Kutzleben III GmbH & Co. KG";"ABR935335894171";"14.10.2024"
"SEE996527173320";"KL 04";"In Betrieb";"8.8.2006";"11.1.2021";"Wind";"2000";"2000";"99955";"Kutzleben";"Windkraft Kutzleben III GmbH & Co. KG";"ABR935335894171";"14.10.2024"
"SEE954072312991";"KL 05";"In Betrieb";"27.7.2006";"11.1.2021";"Wind";"2000";"2000";"99955";"Kutzleben";"Windkraft Kutzleben III GmbH & Co. KG";"ABR935335894171";"14.10.2024"
"SEE988810300681";"BS12";"In Betrieb";"29.3.2012";"11.1.2021";"Wind";"3075";"3075";"99869";"Nessetal";"Windkraft Westhausen GmbH & Co. KG";"ABR964920588706";"16.1.2025"
"SEE955185604324";"BS14";"In Betrieb";"27.3.2012";"11.1.2021";"Wind";"3075";"3075";"99869";"Nessetal";"Windkraft Westhausen GmbH & Co. KG";"ABR964920588706";"16.1.2025"
"SEE933462614327";"WN07";"In Betrieb";"13.3.2012";"11.1.2021";"Wind";"3075";"3075";"99869";"Nessetal";"Windkraft Westhausen GmbH & Co. KG";"ABR964920588706";"16.1.2025"
"SEE934440332547";"WN08";"In Betrieb";"19.3.2012";"11.1.2021";"Wind";"3075";"3075";"99869";"Nessetal";"Windkraft Westhausen GmbH & Co. KG";"ABR964920588706";"16.1.2025"
"SEE959393004785";"53474";"In Betrieb";"20.12.2007";"10.1.2021";"Wind";"800";"800";"99098";"Erfurt";"Birgit und Wilhelm Weimann GbR";"ABR940870673532";"10.1.2021"
"SEE954018466771";"531507";"In Betrieb";"19.7.2013";"10.1.2021";"Wind";"800";"800";"99095";"Erfurt";"Birgit und Wilhelm Weimann GbR";"ABR940870673532";"10.1.2021"
"SEE930302138180";"Wind Hörningen I";"In Betrieb";"3.4.2001";"10.1.2021";"Wind";"1000";"1000";"99734";"Nordhausen";"Elektrizitätswerke Müller oHG";"ABR925300437960";"25.6.2024"
"SEE983885197877";"Wind Hörningen II";"In Betrieb";"3.4.2001";"10.1.2021";"Wind";"1000";"1000";"99734";"Nordhausen";"Elektrizitätswerke Müller oHG";"ABR925300437960";"25.6.2024"
"SEE942614890663";"23781";"In Betrieb";"4.10.2006";"8.1.2021";"Wind";"2000";"2000";"99869";"Eschenbergen";"WANGENHEIM-HOCHHEIM WH 18 I/S";"ABR923814729625";"20.6.2025"
"SEE948259855876";"23782";"In Betrieb";"19.9.2006";"8.1.2021";"Wind";"2000";"2000";"99869";"Eschenbergen";"WANGENHEIM-HOCHHEIM WH 17 I/S";"ABR978996991032";"18.3.2026"
"SEE939416504584";"23788";"In Betrieb";"26.4.2006";"8.1.2021";"Wind";"2000";"2000";"99869";"Eschenbergen";"WANGENHEIM-HOCHHEIM HH07";"ABR971919796066";"27.12.2024"
"SEE949703114907";"23786";"In Betrieb";"19.4.2006";"8.1.2021";"Wind";"2000";"2000";"99869";"Eschenbergen";"WANGENHEIM-HOCHHEIM WH 19 I/S";"ABR928969523548";"27.12.2024"
"SEE971225447300";"23783";"In Betrieb";"31.3.2006";"8.1.2021";"Wind";"2000";"2000";"99869";"Eschenbergen";"WANGENHEIM-HOCHHEIM HH09";"ABR902721405518";"27.12.2024"
"SEE968139314156";"Frauenprießnitz WEA 7";"In Betrieb";"19.12.2002";"8.1.2021";"Wind";"1000";"1000";"07774";"Frauenprießnitz";"NaturEnergy GmbH & Co. KGaA";"ABR989783400101";"24.11.2022"
"SEE910298363476";"V67564 (WEA 9)";"In Betrieb";"19.12.2002";"8.1.2021";"Wind";"900";"900";"07774";"Frauenprießnitz";"QE Frauenprießnitz GmbH";"ABR981226237763";"5.5.2023"
"SEE913874476706";"WEA 13-2";"In Betrieb";"29.12.2020";"7.1.2021";"Wind";"4200";"4200";"99441";"Magdala";"meridian Windpark Bucha II GmbH & Co.KG";"ABR971899498660";"20.12.2024"
"SEE920420017009";"HR02";"Endgültig stillgelegt";"21.12.2005";"7.1.2021";"Wind";"800";"800";"99817";"Eisenach";"Windkraft Neukirchen III GmbH & Co. KG";"ABR922982185561";"18.8.2026"
"SEE964816996196";"WEA 1";"In Betrieb";"23.12.2016";"6.1.2021";"Wind";"3000";"3000";"99765";"Uthleben";"Windpark Uthleben Gmbh & Co. KG";"ABR958373493168";"12.8.2022"
"SEE940603055000";"WEA 2";"In Betrieb";"4.11.2016";"6.1.2021";"Wind";"3000";"3000";"99765";"Uthleben";"Windpark Uthleben Gmbh & Co. KG";"ABR958373493168";"8.8.2024"
"SEE944929767296";"WEA Lindau";"In Betrieb";"25.11.2003";"4.1.2021";"Wind";"1500";"1500";"07613";"Heideland";"MBBF Windpark GmbH & Co. V. Betriebs KG";"ABR942125593558";"11.6.2025"
"SEE946836442112";"NK-B-28";"Endgültig stillgelegt";"29.12.2006";"3.1.2021";"Wind";"1200";"1200";"99817";"Eisenach";"(natürliche Person)";"";"17.12.2024"
"SEE976768090082";"NK-B-30 (Vensys 77 0023)";"In Betrieb";"27.3.2009";"3.1.2021";"Wind";"1500";"1500";"99817";"Eisenach";"Windkraft Neukirchen III GmbH & Co. KG";"ABR922982185561";"18.6.2026"
"SEE951937720519";"NK-B-29 (Vensys 77 0024)";"In Betrieb";"27.3.2009";"3.1.2021";"Wind";"1500";"1500";"99817";"Eisenach";"Windkraft Neukirchen III GmbH & Co. KG";"ABR922982185561";"18.6.2026"
"SEE906095678240";"Windrad Korbußen";"In Betrieb";"27.4.1999";"31.12.2020";"Wind";"600";"600";"07554";"Korbußen";"ET im Brahm Wind GbR";"ABR923232134322";"13.1.2025"
"SEE980066489677";"V65478 Forstwolfersdorf";"In Betrieb";"20.11.2000";"31.12.2020";"Wind";"1000";"1000";"07570";"Harth-Pöllnitz";"TiLeTo Ecostrom GmbH";"ABR977521856020";"10.4.2026"
"SEE980707272309";"WEA Kirchengel 3.3MW";"In Betrieb";"24.6.2016";"31.12.2020";"Wind";"3300";"3300";"99718";"Greußen";"WEA Kirchengel 1 UG (haftungsbeschränkt) & Co. KG";"ABR913707475531";"21.10.2022"
"SEE916513833748";"V65470 Forstwolfersdorf";"In Betrieb";"20.11.2000";"31.12.2020";"Wind";"1000";"1000";"07570";"Harth-Pöllnitz";"TiLeTo Ecostrom GmbH";"ABR977521856020";"10.4.2026"
"SEE980111269803";"Windrad";"Vorübergehend stillgelegt";"20.11.2020";"30.12.2020";"Wind";"5";"5";"98693";"Ilmenau";"(natürliche Person)";"ABR996070810321";"21.10.2025"
"SEE906766747589";"WEA 12-1";"In Betrieb";"21.12.2020";"23.12.2020";"Wind";"4200";"4200";"99441";"Magdala";"meridian Windpark Bucha II GmbH & Co.KG";"ABR971899498660";"20.12.2024"
"SEE991699533422";"HL18";"In Betrieb";"23.12.2020";"23.12.2020";"Wind";"4200";"4200";"99955";"Herbsleben";"GSW Windpark Herbsleben GmbH & Co. KG";"ABR984610429621";"11.2.2026"
"SEE966358140396";"Flur 1";"In Betrieb";"11.6.1999";"21.12.2020";"Wind";"500";"500";"99837";"Werra-Suhl-Tal";"(natürliche Person)";"ABR966327939709";"23.5.2022"
"SEE933866299137";"Flur 2";"In Betrieb";"4.11.2002";"21.12.2020";"Wind";"600";"600";"99837";"Werra-Suhl-Tal";"(natürliche Person)";"ABR966327939709";"23.5.2022"
"SEE967599493517";"Garten";"Endgültig stillgelegt";"12.12.2020";"19.12.2020";"Wind";"0,81";"0,81";"99996";"Unstruttal";"(natürliche Person)";"ABR918958034490";"1.4.2026"
"SEE963830057784";"V 222179 (HH 46)";"In Betrieb";"23.3.2018";"16.12.2020";"Wind";"3450";"3450";"99869";"Nessetal";"EKM-StromVerbund";"ABR906757720973";"13.9.2024"
"SEE910729226035";"V204991 (KH 53)";"In Betrieb";"6.9.2014";"16.12.2020";"Wind";"3075";"3075";"99947";"Kirchheilingen";"EKM-StromVerbund";"ABR906757720973";"27.7.2023"
"SEE971371313801";"V202433 (KH 50)";"In Betrieb";"5.9.2014";"16.12.2020";"Wind";"3075";"3075";"99947";"Kirchheilingen";"EKM-StromVerbund";"ABR906757720973";"27.7.2023"
"SEE953992432093";"823759 (HH 23)";"In Betrieb";"30.3.2012";"16.12.2020";"Wind";"2000";"2000";"99869";"Nessetal";"EKM-StromVerbund";"ABR906757720973";"28.7.2023"
"SEE945735773402";"V214103 (WH26)";"In Betrieb";"23.12.2016";"16.12.2020";"Wind";"3300";"3300";"99869";"Sonneborn";"EKM-StromVerbund";"ABR906757720973";"30.10.2023"
"SEE921415139041";"V213265 (WH 24)";"In Betrieb";"23.12.2016";"16.12.2020";"Wind";"3300";"3300";"99869";"Sonneborn";"EKM-StromVerbund";"ABR906757720973";"18.9.2023"
"SEE933373348656";"V223556 (OL 23)";"In Betrieb";"29.6.2018";"16.12.2020";"Wind";"3450";"3450";"99628";"Buttstädt";"EKM-StromVerbund";"ABR906757720973";"15.8.2023"
"SEE968222418419";"V44 Goepfersdorf";"In Betrieb";"8.10.1997";"14.12.2020";"Wind";"600";"600";"04618";"Göpfersdorf";"Zweite Zukunftsenergien Seeth GmbH & Co. KG";"ABR995844135264";"15.3.2022"
"SEE934608458515";"Windkraft Anlage";"In Betrieb";"19.5.2014";"14.12.2020";"Wind";"7,5";"7,5";"07368";"Remptendorf";"(natürliche Person)";"ABR986441654708";"27.2.2024"
"SEE947834992388";"WKA1";"In Betrieb";"4.12.1997";"12.12.2020";"Wind";"600";"600";"07907";"Oettersdorf";"(natürliche Person)";"ABR970633215754";"20.10.2022"
"SEE960990031562";"WKA2";"In Betrieb";"17.12.2002";"12.12.2020";"Wind";"900";"900";"07907";"Oettersdorf";"(natürliche Person)";"ABR970633215754";"28.5.2021"
"SEE984121210794";"WP Tüttleben WKA 3";"In Betrieb";"7.9.1999";"10.12.2020";"Wind";"1050";"1050";"99869";"Tüttleben";"SkyPower Kraftwerke GmbH";"ABR941528387078";"18.2.2026"
"SEE978055378675";"Windanlage";"In Betrieb";"28.10.2016";"9.12.2020";"Wind";"3450";"3450";"07774";"Dornburg-Camburg";"Windpark Zöthen UG  (haftungsbeschränkt) & Co. KG";"ABR952922604180";"26.6.2024"
"SEE955461034456";"Windanlage";"In Betrieb";"28.10.2016";"9.12.2020";"Wind";"3450";"3450";"07774";"Dornburg-Camburg";"Windpark Zöthen UG  (haftungsbeschränkt) & Co. KG";"ABR952922604180";"26.6.2024"
"SEE993634655145";"WEA GV 01 -35168";"In Betrieb";"26.2.2009";"8.12.2020";"Wind";"2000";"2000";"99958";"Großvargula";"Leuchtturm Großvargula GmbH& Co.KG";"ABR938466151090";"16.12.2024"
"SEE953761382277";"WEA GV 01 -35169";"In Betrieb";"3.3.2009";"8.12.2020";"Wind";"2000";"2000";"99958";"Großvargula";"Leuchtturm Großvargula GmbH& Co.KG";"ABR938466151090";"16.12.2024"
"SEE963847714922";"Wind 2";"In Betrieb";"5.5.1997";"6.12.2020";"Wind";"200";"200";"07819";"Schmieritz";"(natürliche Person)";"ABR937264771127";"18.9.2022"
"SEE977631937466";"V67563 (WEA 12)";"In Betrieb";"19.12.2002";"5.12.2020";"Wind";"900";"900";"07774";"Frauenprießnitz";"QE Frauenprießnitz GmbH";"ABR981226237763";"5.5.2023"
"SEE942767903234";"Dorndorf 2";"In Betrieb";"13.12.2000";"4.12.2020";"Wind";"750";"750";"36460";"Krayenberggemeinde";"GMA-Energy Hohenlohe GmbH Marius Mulawka";"ABR915477818341";"28.1.2023"
"SEE970052702439";"Dorndorf 3";"In Betrieb";"13.12.2000";"4.12.2020";"Wind";"750";"750";"36460";"Krayenberggemeinde";"GMA-Energy Hohenlohe GmbH Marius Mulawka";"ABR915477818341";"22.8.2023"
"SEE991698531351";"Dorndorf 4";"In Betrieb";"13.12.2000";"4.12.2020";"Wind";"750";"750";"36460";"Krayenberggemeinde";"GMA-Energy Hohenlohe GmbH Marius Mulawka";"ABR915477818341";"18.10.2021"
"SEE936201083101";"WKA Pfersdorf";"In Betrieb";"9.4.1999";"4.12.2020";"Wind";"500";"500";"98646";"Hildburghausen";"WKA Schweiger Pfersdorf GbR";"ABR976764620764";"27.7.2021"
"SEE944164374877";"Dorndorf 5";"In Betrieb";"13.12.2000";"4.12.2020";"Wind";"750";"750";"36460";"Krayenberggemeinde";"GMA-Energy Hohenlohe GmbH Marius Mulawka";"ABR915477818341";"30.8.2021"
"SEE938959273001";"WEA 47364";"In Betrieb";"25.10.2012";"1.12.2020";"Wind";"2000";"2000";"99518";"Bad Sulza";"Windpark Eckolstädt GmbH & Co. KG";"ABR993979237631";"18.7.2022"
"SEE931372598775";"WEA 47365";"In Betrieb";"10.10.2012";"1.12.2020";"Wind";"2000";"2000";"99518";"Bad Sulza";"Windpark Eckolstädt GmbH & Co. KG";"ABR993979237631";"18.7.2022"
"SEE944664538304";"WEA 47366";"In Betrieb";"12.10.2012";"1.12.2020";"Wind";"2000";"2000";"99518";"Bad Sulza";"Windpark Eckolstädt GmbH & Co. KG";"ABR993979237631";"18.7.2022"
"SEE946962252371";"WEA 47367";"In Betrieb";"2.11.2012";"1.12.2020";"Wind";"2000";"2000";"99518";"Bad Sulza";"Windpark Eckolstädt GmbH & Co. KG";"ABR993979237631";"18.7.2022"
"SEE966517178611";"WEA 47371";"In Betrieb";"25.9.2012";"1.12.2020";"Wind";"2000";"2000";"99510";"Eckolstädt";"Windpark Eckolstädt GmbH & Co. KG";"ABR993979237631";"10.10.2022"
"SEE974205036563";"WEA 47370";"In Betrieb";"27.9.2012";"1.12.2020";"Wind";"2000";"2000";"99510";"Eckolstädt";"Windpark Eckolstädt GmbH & Co. KG";"ABR993979237631";"8.4.2021"
"SEE957294634582";"WEA 47372";"In Betrieb";"22.11.2012";"1.12.2020";"Wind";"2000";"2000";"99510";"Eckolstädt";"Windpark Eckolstädt GmbH & Co. KG";"ABR993979237631";"10.10.2022"
"SEE920476345446";"WEA 47373";"In Betrieb";"2.11.2012";"1.12.2020";"Wind";"2000";"2000";"99518";"Bad Sulza";"Windpark Eckolstädt GmbH & Co. KG";"ABR993979237631";"19.1.2023"
"SEE920997320267";"WEA 47374";"In Betrieb";"14.11.2012";"1.12.2020";"Wind";"2000";"2000";"99518";"Bad Sulza";"Windpark Eckolstädt GmbH & Co. KG";"ABR993979237631";"18.7.2022"
"SEE974493038164";"WEA 47375";"In Betrieb";"16.11.2012";"1.12.2020";"Wind";"2000";"2000";"99510";"Eckolstädt";"Windpark Eckolstädt GmbH & Co. KG";"ABR993979237631";"10.10.2022"
"SEE923008744199";"WEA 47876";"In Betrieb";"14.11.2012";"1.12.2020";"Wind";"2000";"2000";"99518";"Bad Sulza";"Windpark Eckolstädt GmbH & Co. KG";"ABR993979237631";"19.1.2023"
"SEE983809249248";"WEA 47369";"In Betrieb";"17.10.2012";"1.12.2020";"Wind";"2000";"2000";"99518";"Bad Sulza";"Windpark Eckolstädt GmbH & Co. KG";"ABR993979237631";"18.7.2022"
"SEE923014657599";"WEA 47368";"In Betrieb";"10.12.2012";"1.12.2020";"Wind";"2000";"2000";"99510";"Eckolstädt";"Windpark Eckolstädt GmbH & Co. KG";"ABR993979237631";"8.4.2021"
"SEE989649215290";"V67566 (WEA 8)";"In Betrieb";"19.12.2002";"30.11.2020";"Wind";"900";"900";"07774";"Frauenprießnitz";"QE Frauenprießnitz GmbH";"ABR981226237763";"5.5.2023"
"SEE935800360613";"Windkraftanlage Lumpzig";"In Betrieb";"2.2.1995";"24.11.2020";"Wind";"600";"600";"04626";"Schmölln";"PR Windkraft GmbH";"ABR932681258701";"23.11.2023"
"SEE941149324896";"Dorndorf 1";"In Betrieb";"13.12.2000";"24.11.2020";"Wind";"750";"750";"36460";"Krayenberggemeinde";"GMA-Energy Hohenlohe GmbH Marius Mulawka";"ABR915477818341";"7.9.2021"
"SEE915512031087";"Windkraftanlage Hartha";"In Betrieb";"27.1.1996";"24.11.2020";"Wind";"600";"600";"04626";"Schmölln";"PR Windkraft GmbH";"ABR932681258701";"18.10.2023"
"SEE905698075920";"WEA-Nr. 44186 Hüpstedt";"In Betrieb";"6.7.2000";"24.11.2020";"Wind";"600";"600";"99976";"Dünwald";"Arcos D green energy GmbH";"ABR945330264992";"18.12.2023"
"SEE978202627939";"WEA-Nr. 44187 Rodeberg";"In Betrieb";"6.7.2000";"24.11.2020";"Wind";"600";"600";"99976";"Rodeberg";"Arcos D green energy GmbH";"ABR945330264992";"18.12.2023"
"SEE937124155067";"WEA-Nr. 44188 Rodeberg";"In Betrieb";"6.7.2000";"24.11.2020";"Wind";"600";"600";"99976";"Rodeberg";"Arcos D green energy GmbH";"ABR945330264992";"18.12.2023"
"SEE928606904822";"WKA Förtha";"In Betrieb";"31.5.1999";"23.11.2020";"Wind";"600";"600";"99834";"Gerstungen";"EXPEC Windstrom UG";"ABR916732127291";"14.8.2025"
"SEE910948011429";"DW 50230-06";"Endgültig stillgelegt";"1.3.2002";"23.11.2020";"Wind";"600";"600";"99713";"Helbedündorf";"(natürliche Person)";"";"15.3.2023"
"SEE929393703148";"DW 20231-07";"Endgültig stillgelegt";"27.3.2002";"23.11.2020";"Wind";"600";"600";"99713";"Helbedündorf";"(natürliche Person)";"";"10.8.2022"
"SEE981678501672";"WKA Mielesdorf";"In Betrieb";"15.6.1998";"21.11.2020";"Wind";"500";"500";"07922";"Tanna";"WP5 Hohenlohe GmbH";"ABR922629468514";"20.7.2026"
"SEE952748928439";"GL09";"In Betrieb";"9.11.2020";"12.11.2020";"Wind";"4200";"4200";"99634";"Gangloffsömmern";"Windkraft Hochheim V GmbH & Co. KG";"ABR960529023297";"5.5.2026"
"SEE917695083631";"GL10";"In Betrieb";"4.11.2020";"12.11.2020";"Wind";"4200";"4200";"99634";"Gangloffsömmern";"Windkraft Hochheim V GmbH & Co. KG";"ABR960529023297";"5.5.2026"
"SEE987344226238";"WKATre";"In Betrieb";"22.9.2016";"11.11.2020";"Wind";"3300";"3300";"99718";"Trebra";"Energie Trebra GmbH & Co.KG";"ABR977138961926";"7.1.2021"
"SEE973419761308";"Freifläche";"In Betrieb";"6.6.2013";"11.11.2020";"Wind";"1";"1";"98593";"Floh-Seligenthal";"(natürliche Person)";"ABR947323008224";"11.11.2020"
"SEE930494011735";"WKA 1";"In Betrieb";"9.11.1998";"10.11.2020";"Wind";"500";"500";"07922";"Tanna";"Rasmus GmbH";"ABR969525737825";"7.8.2024"
"SEE933684252451";"WEA 183 OR Drei Bröckau";"In Betrieb";"20.4.2012";"10.11.2020";"Wind";"2050";"2050";"07554";"Bethenhausen";"OR Energy Drei GmbH & Co. KG";"ABR925690177316";"17.7.2025"
"SEE955862879687";"Steinsdorf";"In Betrieb";"2.1.1995";"9.11.2020";"Wind";"600";"600";"07338";"Leutenberg";"(natürliche Person)";"ABR947434998612";"11.7.2022"
"SEE964539215758";"Windkraftanlage Korbußen";"In Betrieb";"13.3.1999";"5.11.2020";"Wind";"600";"600";"07554";"Korbußen";"(natürliche Person)";"ABR987526665473";"17.1.2024"
"SEE969634387225";"Windenergieanlage";"In Betrieb";"15.7.2005";"3.11.2020";"Wind";"10";"10";"99441";"Magdala";"Wind IVR Energieverteilungen GmbH";"ABR920225952895";"13.5.2026"
"SEE909005940543";"E70 782680";"In Betrieb";"9.11.2009";"30.10.2020";"Wind";"2300";"2300";"07751";"Bucha";"Ulrich Heineck UHNS e.K.";"ABR904611469679";"13.5.2026"
"SEE949358605423";"eno126025 - WEA1";"In Betrieb";"26.10.2020";"27.10.2020";"Wind";"4000";"4000";"99880";"Hörselgau";"Norddeutsche Energie WP Teutleben GmbH & Co. KG";"ABR968361875975";"11.11.2024"
"SEE906839044799";"Wind";"In Betrieb";"13.5.1996";"24.10.2020";"Wind";"132";"132";"07819";"Schmieritz";"(natürliche Person)";"ABR937264771127";"18.9.2022"
"SEE906391250157";"Windpark Meilitz M700";"In Betrieb";"22.11.1995";"23.10.2020";"Wind";"225";"225";"07806";"Kospoda";"SkyPower Windenergie e.K.";"ABR910240325552";"6.8.2025"
"SEE941226207371";"Windpark Meilitz V44";"In Betrieb";"9.2.1996";"23.10.2020";"Wind";"600";"600";"07806";"Kospoda";"SkyPower Windenergie e.K.";"ABR910240325552";"6.8.2025"
"SEE985800261786";"WKA Remptendorf";"In Betrieb";"4.10.1999";"15.10.2020";"Wind";"600";"600";"07368";"Remptendorf";"ENGIE Wind 2nd Life GmbH";"ABR946385989014";"4.11.2022"
"SEE951893546307";"NK 10";"Endgültig stillgelegt";"23.1.2003";"13.10.2020";"Wind";"1500";"1500";"99817";"Eisenach";"BOREAS Energie GmbH";"ABR909054335185";"18.8.2026"
"SEE909970650690";"BG 01";"Endgültig stillgelegt";"16.12.2003";"13.10.2020";"Wind";"1500";"1500";"99947";"Kirchheilingen";"(natürliche Person)";"";"19.1.2023"
"SEE971412122195";"GL 04";"In Betrieb";"28.3.2007";"12.10.2020";"Wind";"2000";"2000";"99634";"Gangloffsömmern";"GSW Kirchenwindmühle 3 GmbH & Co. KG";"ABR945104603859";"22.1.2025"
"SEE992057293262";"V 26080";"In Betrieb";"29.12.2006";"6.10.2020";"Wind";"2000";"2000";"99610";"Sömmerda";"ewz Windpark Kleinbrembach GmbH";"ABR954026013097";"6.2.2025"
"SEE984285555632";"V 26079";"In Betrieb";"29.12.2006";"6.10.2020";"Wind";"2000";"2000";"99610";"Sömmerda";"ewz Windpark Kleinbrembach GmbH";"ABR954026013097";"25.6.2026"
"SEE912562629851";"V 26081";"In Betrieb";"28.12.2006";"6.10.2020";"Wind";"2000";"2000";"99610";"Sömmerda";"ewz Windpark Kleinbrembach GmbH";"ABR954026013097";"29.6.2026"
"SEE978811519342";"V 26078";"In Betrieb";"28.12.2006";"6.10.2020";"Wind";"2000";"2000";"99610";"Sömmerda";"ewz Windpark Kleinbrembach GmbH";"ABR954026013097";"29.6.2026"
"SEE999528652740";"V 26077";"In Betrieb";"28.12.2006";"6.10.2020";"Wind";"2000";"2000";"99610";"Sömmerda";"ewz Windpark Kleinbrembach GmbH";"ABR954026013097";"25.6.2026"
"SEE929070686368";"V 31431";"In Betrieb";"1.4.2009";"6.10.2020";"Wind";"2000";"2000";"99610";"Vogelsberg";"ewz Windpark Vogelsberg GmbH";"ABR903764733521";"17.3.2026"
"SEE906981210233";"V 31430";"In Betrieb";"1.4.2009";"6.10.2020";"Wind";"2000";"2000";"99610";"Vogelsberg";"ewz Windpark Vogelsberg GmbH";"ABR903764733521";"6.2.2025"
"SEE905869789458";"V 31429";"In Betrieb";"7.4.2009";"6.10.2020";"Wind";"2000";"2000";"99610";"Vogelsberg";"ewz Windpark Vogelsberg GmbH";"ABR903764733521";"28.11.2025"
"SEE902873638833";"mdp Eckolstädt - 1";"In Betrieb";"18.12.2012";"5.10.2020";"Wind";"2300";"2300";"99518";"Schmiedehausen";"mdp GmbH & Co. WP Eckolstädt KG";"ABR934440533050";"20.12.2024"
"SEE914954124005";"mdp Eckolstädt - 2";"In Betrieb";"18.12.2012";"5.10.2020";"Wind";"2300";"2300";"99518";"Schmiedehausen";"mdp GmbH & Co. WP Eckolstädt KG";"ABR934440533050";"20.12.2024"
"SEE902949416020";"S 70270-01";"In Betrieb";"19.12.2003";"2.10.2020";"Wind";"1500";"1500";"07551";"Gera";"Windpark Kleinfalke GmbH & Co. KG Renditefonds";"ABR913337054748";"7.2.2025"
"SEE956103434412";"S 70271-04";"In Betrieb";"23.12.2003";"2.10.2020";"Wind";"1500";"1500";"07551";"Gera";"Windpark Kleinfalke GmbH & Co. KG Renditefonds";"ABR913337054748";"7.2.2025"
"SEE978964629806";"S 70272-03";"In Betrieb";"30.12.2003";"2.10.2020";"Wind";"1500";"1500";"07551";"Gera";"Windpark Kleinfalke GmbH & Co. KG Renditefonds";"ABR913337054748";"7.2.2025"
"SEE962949969865";"S 70273-02";"In Betrieb";"17.12.2003";"2.10.2020";"Wind";"1500";"1500";"07551";"Gera";"Windpark Kleinfalke GmbH & Co. KG Renditefonds";"ABR913337054748";"4.2.2026"
"SEE918615213596";"WEA 2 (824328)";"In Betrieb";"9.8.2012";"1.10.2020";"Wind";"2300";"2300";"04617";"Starkenberg";"Zero Emission People Windrad Kraasa Süd GmbH & Co.KG";"ABR908917336901";"18.12.2024"
"SEE932196398640";"WEA 1 (824329)";"In Betrieb";"9.8.2012";"1.10.2020";"Wind";"2300";"2300";"04617";"Starkenberg";"Windkraft Kraasa Nord UG (haftungsbeschränkt) & Co. KG";"ABR981805648485";"18.12.2024"
"SEE913312263981";"23779";"In Betrieb";"21.9.2006";"30.9.2020";"Wind";"2000";"2000";"99869";"Nessetal";"Johannes Tang Nielsen";"ABR986757185422";"27.12.2024"
"SEE932477900364";"HH10 - 23780";"In Betrieb";"21.9.2006";"30.9.2020";"Wind";"2000";"2000";"99869";"Nessetal";"BOREAS Energie GmbH";"ABR909054335185";"16.1.2025"
"SEE935184205302";"23784";"In Betrieb";"31.3.2006";"30.9.2020";"Wind";"2000";"2000";"99869";"Nessetal";"Wangenheim-Hochheim WH 16 I/S";"ABR961754423241";"27.12.2024"
"SEE999541515503";"HH08";"In Betrieb";"2.5.2006";"30.9.2020";"Wind";"2000";"2000";"99869";"Nessetal";"BOREAS Energie GmbH";"ABR909054335185";"16.1.2025"
"SEE930757169005";"23789";"In Betrieb";"9.5.2006";"30.9.2020";"Wind";"2000";"2000";"99869";"Nessetal";"Wangenheim-Hochheim WH 14 I/S";"ABR937349457700";"28.7.2025"
"SEE953260749502";"38734";"In Betrieb";"20.4.2006";"30.9.2020";"Wind";"2000";"2000";"99869";"Nessetal";"WEA Wangenheim-Hochheim 15 GmbH & Co. KG";"ABR949104050194";"28.7.2025"
"SEE998216357561";"33003 (WEA 01)";"In Betrieb";"11.2.2009";"30.9.2020";"Wind";"2000";"2000";"36460";"Krayenberggemeinde";"Dietlas Naturstrom GmbH & Co. KG";"ABR905916697927";"18.9.2024"
"SEE953744333906";"33001 (WEA 02)";"In Betrieb";"17.2.2009";"30.9.2020";"Wind";"2000";"2000";"36460";"Krayenberggemeinde";"Dietlas Naturstrom GmbH & Co. KG";"ABR905916697927";"18.9.2024"
"SEE933224069570";"33002 (WEA 03)";"In Betrieb";"23.2.2009";"30.9.2020";"Wind";"2000";"2000";"36460";"Krayenberggemeinde";"Dietlas Naturstrom GmbH & Co. KG";"ABR905916697927";"18.9.2024"
"SEE929847612699";"WEA 28805-8";"In Betrieb";"1.9.2007";"30.9.2020";"Wind";"2000";"2000";"99610";"Wundersleben";"Windpark Wundersleben Mitte GmbH & Co. KG";"ABR949526884247";"26.4.2021"
"SEE914343493521";"WEA 28804-9";"In Betrieb";"3.9.2007";"30.9.2020";"Wind";"2000";"2000";"99610";"Wundersleben";"Windpark Wundersleben Mitte GmbH & Co. KG";"ABR949526884247";"22.4.2021"
"SEE927769189022";"WEA 28803-10";"Endgültig stillgelegt";"4.9.2007";"30.9.2020";"Wind";"2000";"2000";"99610";"Wundersleben";"(natürliche Person)";"";"7.7.2025"
"SEE900931184773";"WKA95";"In Betrieb";"7.8.1995";"29.9.2020";"Wind";"500";"500";"07929";"Saalburg-Ebersdorf";"(natürliche Person)";"ABR978042668888";"13.2.2023"
"SEE982782811374";"19596";"In Betrieb";"29.7.2004";"29.9.2020";"Wind";"850";"850";"99095";"Erfurt";"Katzenberg 3 I/S";"ABR943562018833";"30.12.2024"
"SEE980303073355";"19597";"In Betrieb";"29.7.2004";"29.9.2020";"Wind";"850";"850";"99098";"Erfurt";"Windpark Kerspleben Infrastruktur GmbH & Co. KG";"ABR946621812113";"8.1.2025"
"SEE944670784610";"19598";"In Betrieb";"29.7.2004";"29.9.2020";"Wind";"850";"850";"99098";"Erfurt";"Windpark Kerspleben Infrastruktur GmbH & Co. KG";"ABR946621812113";"8.1.2025"
"SEE911856886956";"19599";"In Betrieb";"29.7.2004";"29.9.2020";"Wind";"850";"850";"99095";"Erfurt";"Windpark Kerspleben Infrastruktur GmbH & Co. KG";"ABR946621812113";"8.1.2025"
"SEE932500549188";"19600";"In Betrieb";"31.7.2004";"29.9.2020";"Wind";"850";"850";"99098";"Erfurt";"Windpark Kerspleben Infrastruktur GmbH & Co. KG";"ABR946621812113";"8.1.2025"
"SEE984562502700";"19601";"In Betrieb";"30.7.2004";"29.9.2020";"Wind";"850";"850";"99095";"Erfurt";"Windpark Kerspleben Infrastruktur GmbH & Co. KG";"ABR946621812113";"8.1.2025"
"SEE965149190596";"19602";"In Betrieb";"30.7.2004";"29.9.2020";"Wind";"850";"850";"99095";"Erfurt";"Windpark Kerspleben Infrastruktur GmbH & Co. KG";"ABR946621812113";"8.1.2025"
"SEE971448854701";"19603";"In Betrieb";"30.7.2004";"29.9.2020";"Wind";"850";"850";"99098";"Erfurt";"Windpark Kerspleben Infrastruktur GmbH & Co. KG";"ABR946621812113";"8.1.2025"
"SEE948461963376";"19604";"In Betrieb";"30.7.2004";"29.9.2020";"Wind";"850";"850";"99098";"Erfurt";"Windpark Kerspleben Infrastruktur GmbH & Co. KG";"ABR946621812113";"8.1.2025"
"SEE997665224738";"19605";"In Betrieb";"30.7.2004";"29.9.2020";"Wind";"850";"850";"99098";"Erfurt";"Windpark Kerspleben Infrastruktur GmbH & Co. KG";"ABR946621812113";"8.1.2025"
"SEE997990879436";"19606";"In Betrieb";"29.7.2004";"29.9.2020";"Wind";"850";"850";"99098";"Erfurt";"Windpark Kerspleben Infrastruktur GmbH & Co. KG";"ABR946621812113";"8.1.2025"
"SEE979180455873";"GE1550077";"In Betrieb";"17.9.1999";"29.9.2020";"Wind";"1500";"1500";"07955";"Auma-Weidatal";"HT Aiwanger GmbH & Co. KG";"ABR978648098102";"24.10.2022"
"SEE979152541849";"18499";"In Betrieb";"18.2.2004";"28.9.2020";"Wind";"2000";"2000";"99634";"Gangloffsömmern";"Gangloffsömmern I/S";"ABR989228894489";"25.8.2025"
"SEE953190979635";"WW";"In Betrieb";"8.5.1996";"28.9.2020";"Wind";"500";"500";"99518";"Bad Sulza";"AerSolar Wormstedt GmbH & Co. KG";"ABR985246634922";"12.6.2023"
"SEE926269716882";"19593";"In Betrieb";"29.7.2004";"28.9.2020";"Wind";"850";"850";"99098";"Erfurt";"Windpark Kerspleben Infrastruktur GmbH & Co. KG";"ABR946621812113";"30.12.2024"
"SEE935243660226";"WRM3";"In Betrieb";"8.5.1996";"28.9.2020";"Wind";"500";"500";"99518";"Bad Sulza";"AerSolar Wormstedt GmbH & Co. KG";"ABR985246634922";"12.6.2023"
"SEE961789380601";"WRM5";"In Betrieb";"8.5.1996";"28.9.2020";"Wind";"500";"500";"99510";"Wormstedt";"AerSolar Wormstedt GmbH & Co. KG";"ABR985246634922";"17.2.2021"
"SEE914935885772";"19594";"In Betrieb";"29.7.2004";"28.9.2020";"Wind";"850";"850";"99098";"Erfurt";"Windpark Kerspleben Infrastruktur GmbH & Co. KG";"ABR946621812113";"8.1.2025"
"SEE961516575751";"19595";"In Betrieb";"31.7.2004";"28.9.2020";"Wind";"850";"850";"99098";"Erfurt";"Windpark Kerspleben Infrastruktur GmbH & Co. KG";"ABR946621812113";"8.1.2025"
"SEE900014803461";"Kleinwindrad";"Vorübergehend stillgelegt";"25.3.2021";"26.9.2020";"Wind";"2,02";"2,02";"99095";"Erfurt";"(natürliche Person)";"ABR918453648000";"12.6.2025"
"SEE964324147325";"mdp WEA Gera";"In Betrieb";"20.1.2017";"24.9.2020";"Wind";"2300";"2300";"07554";"Gera";"mdp GmbH & Co. WEA Gera KG";"ABR971566201364";"15.6.2022"
"SEE922915386713";"WEA 1 (Repowering)";"In Betrieb";"15.9.2020";"15.9.2020";"Wind";"2350";"2350";"07774";"Frauenprießnitz";"NaturStromQuelle Thüringen GmbH & Co. KG";"ABR981107318833";"12.1.2026"
"SEE932093391539";"200958";"In Betrieb";"22.12.2014";"15.9.2020";"Wind";"3075";"3075";"99880";"Teutleben";"Onshore Wind Teutleben II GmbH & Co. KG";"ABR979940108469";"18.12.2024"
"SEE970853418485";"200959";"In Betrieb";"16.1.2015";"15.9.2020";"Wind";"3075";"3075";"99880";"Teutleben";"Onshore Wind Teutleben II GmbH & Co. KG";"ABR979940108469";"18.12.2024"
"SEE947599571712";"200957";"In Betrieb";"17.12.2014";"14.9.2020";"Wind";"3075";"3075";"99880";"Teutleben";"Onshore Wind Teutleben II GmbH & Co. KG";"ABR979940108469";"18.12.2024"
"SEE946362520681";"Förtha";"In Betrieb";"22.4.2002";"3.9.2020";"Wind";"1000";"1000";"99834";"Gerstungen";"Pelzl Förtha Windenergie GbR";"ABR933505562981";"21.5.2026"
"SEE979922636997";"Förtha";"In Betrieb";"22.4.2002";"3.9.2020";"Wind";"1000";"1000";"99834";"Gerstungen";"Holzem Windenergie GmbH & Co. KG Zweigniederlassung Schwaig bei Nürnberg";"ABR943797447989";"9.10.2023"
"SEE902130386675";"HS 04";"In Betrieb";"5.12.2014";"24.8.2020";"Wind";"3075";"3075";"99955";"Hornsömmern";"Windkraft Hornsömmern GmbH & Co. KG";"ABR951821791892";"17.1.2025"
"SEE953078978156";"KE 01";"In Betrieb";"24.6.2016";"24.8.2020";"Wind";"3300";"3300";"99718";"Greußen";"Windkraft Kirchengel 01 GmbH & Co. KG";"ABR993774476341";"14.10.2024"
"SEE951878182285";"AU 08";"In Betrieb";"22.12.2016";"24.8.2020";"Wind";"3300";"3300";"07955";"Auma-Weidatal";"Windkraft Auma GmbH & Co. KG";"ABR912021267419";"15.10.2024"
"SEE934084211697";"KH 47";"In Betrieb";"8.12.2014";"20.8.2020";"Wind";"2400";"2400";"99947";"Kirchheilingen";"Windkraft Kirchheilingen IV GmbH & Co. KG";"ABR905517342028";"19.2.2025"
"SEE962783488676";"KH 48";"In Betrieb";"8.12.2014";"20.8.2020";"Wind";"2400";"2400";"99947";"Kirchheilingen";"Windkraft Kirchheilingen IV GmbH & Co. KG";"ABR905517342028";"19.2.2025"
"SEE907369178107";"KH 49";"In Betrieb";"28.11.2014";"20.8.2020";"Wind";"2400";"2400";"99947";"Kirchheilingen";"Windkraft Kirchheilingen IV GmbH & Co. KG";"ABR905517342028";"19.2.2025"
"SEE968262794313";"BG 04.1";"In Betrieb";"23.12.2014";"20.8.2020";"Wind";"2400";"2400";"99955";"Blankenburg";"Windkraft Kirchheilingen IV GmbH & Co. KG";"ABR905517342028";"19.2.2025"
"SEE954828588076";"BG 08.1";"In Betrieb";"15.12.2014";"20.8.2020";"Wind";"2400";"2400";"99955";"Blankenburg";"Windkraft Kirchheilingen IV GmbH & Co. KG";"ABR905517342028";"19.2.2025"
"SEE901727173063";"GR 01";"Endgültig stillgelegt";"21.12.2006";"20.8.2020";"Wind";"2000";"2000";"99718";"Greußen";"(natürliche Person)";"";"10.8.2026"
"SEE970500956421";"GR 02";"In Betrieb";"21.12.2006";"20.8.2020";"Wind";"2000";"2000";"99718";"Greußen";"BOREAS Windfeld Greußen GmbH & Co. KG";"ABR965247826946";"15.10.2024"
"SEE907729079501";"GR 03";"In Betrieb";"19.12.2006";"20.8.2020";"Wind";"2000";"2000";"99718";"Greußen";"BOREAS Windfeld Greußen GmbH & Co. KG";"ABR965247826946";"15.10.2024"
"SEE933184201713";"GR 04";"In Betrieb";"27.12.2006";"20.8.2020";"Wind";"2000";"2000";"99718";"Greußen";"BOREAS Windfeld Greußen GmbH & Co. KG";"ABR965247826946";"15.10.2024"
"SEE985673912402";"GR 05";"In Betrieb";"12.12.2006";"20.8.2020";"Wind";"2000";"2000";"99718";"Greußen";"BOREAS Windfeld Greußen GmbH & Co. KG";"ABR965247826946";"15.10.2024"
"SEE970254105724";"GR 06";"In Betrieb";"7.12.2006";"20.8.2020";"Wind";"2000";"2000";"99718";"Greußen";"BOREAS Windfeld Greußen GmbH & Co. KG";"ABR965247826946";"15.10.2024"
"SEE900991387923";"GR 07";"Endgültig stillgelegt";"12.12.2006";"20.8.2020";"Wind";"2000";"2000";"99718";"Greußen";"(natürliche Person)";"";"10.8.2026"
"SEE970820846693";"GR 08";"Endgültig stillgelegt";"29.11.2006";"20.8.2020";"Wind";"2000";"2000";"99718";"Greußen";"(natürliche Person)";"";"10.8.2026"
"SEE926205220466";"GR 09";"Endgültig stillgelegt";"6.12.2006";"20.8.2020";"Wind";"2000";"2000";"99718";"Greußen";"(natürliche Person)";"";"10.8.2026"
"SEE985523388050";"GR 10";"In Betrieb";"23.11.2006";"20.8.2020";"Wind";"2000";"2000";"99718";"Greußen";"BOREAS Windfeld Greußen GmbH & Co. KG";"ABR965247826946";"15.10.2024"
"SEE958859059307";"GR 11";"Endgültig stillgelegt";"22.11.2006";"20.8.2020";"Wind";"2000";"2000";"99718";"Greußen";"(natürliche Person)";"";"10.8.2026"
"SEE931422449996";"HS 01";"In Betrieb";"5.12.2014";"20.8.2020";"Wind";"3075";"3075";"99955";"Hornsömmern";"Windkraft Hornsömmern GmbH & Co. KG";"ABR951821791892";"17.1.2025"
"SEE931525164017";"HS 02";"In Betrieb";"5.12.2014";"20.8.2020";"Wind";"3075";"3075";"99955";"Hornsömmern";"Windkraft Hornsömmern GmbH & Co. KG";"ABR951821791892";"17.1.2025"
"SEE975562120896";"HS 03";"In Betrieb";"5.12.2014";"20.8.2020";"Wind";"3075";"3075";"99955";"Hornsömmern";"Windkraft Hornsömmern GmbH & Co. KG";"ABR951821791892";"17.1.2025"
"SEE953944296230";"KH 15";"Endgültig stillgelegt";"29.12.2004";"17.8.2020";"Wind";"2000";"2000";"99947";"Kirchheilingen";"(natürliche Person)";"";"19.4.2022"
"SEE902132723218";"WEA 1 - Nr. 78418";"In Betrieb";"29.12.2005";"13.8.2020";"Wind";"2000";"2000";"99094";"Erfurt";"Windpark Möbisburg GmbH & Co. KG";"ABR942536047244";"28.4.2021"
"SEE922411163153";"WEA 2 - Nr. 78419";"In Betrieb";"6.2.2006";"13.8.2020";"Wind";"2000";"2000";"99094";"Erfurt";"Windpark Möbisburg GmbH & Co. KG";"ABR942536047244";"28.4.2021"
"SEE915327261174";"WEA 3 - Nr. 78420";"In Betrieb";"16.1.2006";"13.8.2020";"Wind";"2000";"2000";"99094";"Erfurt";"Windpark Möbisburg GmbH & Co. KG";"ABR942536047244";"28.4.2021"
"SEE970686952231";"WEA 4 - Nr. 78421";"In Betrieb";"12.4.2006";"13.8.2020";"Wind";"2000";"2000";"99094";"Erfurt";"Windpark Möbisburg GmbH & Co. KG";"ABR942536047244";"28.4.2021"
"SEE973527707113";"WEA 5 - Nr. 78422";"In Betrieb";"6.4.2006";"13.8.2020";"Wind";"2000";"2000";"99094";"Erfurt";"Windpark Möbisburg GmbH & Co. KG";"ABR942536047244";"28.4.2021"
"SEE994547937892";"WEA 6 - Nr. 78423";"In Betrieb";"16.2.2006";"13.8.2020";"Wind";"2000";"2000";"99094";"Erfurt";"Windpark Möbisburg GmbH & Co. KG";"ABR942536047244";"23.6.2021"
"SEE991418465737";"WEA 7 - Nr. 78424";"In Betrieb";"15.2.2006";"13.8.2020";"Wind";"2000";"2000";"99094";"Erfurt";"Windpark Möbisburg GmbH & Co. KG";"ABR942536047244";"23.6.2021"
"SEE902941736171";"WEA 8 - Nr. 78425";"In Betrieb";"2.3.2006";"13.8.2020";"Wind";"2000";"2000";"99094";"Erfurt";"Windpark Möbisburg GmbH & Co. KG";"ABR942536047244";"23.6.2021"
"SEE913659595509";"WEA 9 - Nr. 78426";"In Betrieb";"28.2.2006";"13.8.2020";"Wind";"2000";"2000";"99094";"Erfurt";"Windpark Möbisburg GmbH & Co. KG";"ABR942536047244";"28.4.2021"
"SEE990494922448";"WEA 10 - Nr. 78427";"In Betrieb";"2.3.2006";"13.8.2020";"Wind";"2000";"2000";"99094";"Erfurt";"Windpark Möbisburg GmbH & Co. KG";"ABR942536047244";"23.6.2021"
"SEE934461145102";"WEA 11 - Nr. 78428";"In Betrieb";"1.3.2006";"13.8.2020";"Wind";"2000";"2000";"99094";"Erfurt";"Windpark Möbisburg GmbH & Co. KG";"ABR942536047244";"28.4.2021"
"SEE959157273259";"17696";"In Betrieb";"6.11.2003";"11.8.2020";"Wind";"2000";"2000";"04610";"Meuselwitz";"Wallenborn Windpark Waltersdorf I GmbH & Co. KG";"ABR929291173975";"2.7.2024"
"SEE958262633408";"17697";"In Betrieb";"7.11.2003";"11.8.2020";"Wind";"2000";"2000";"04610";"Meuselwitz";"Wallenborn Windpark Waltersdorf I GmbH & Co. KG";"ABR929291173975";"2.7.2024"
"SEE979401625757";"17698";"In Betrieb";"7.11.2003";"11.8.2020";"Wind";"2000";"2000";"04610";"Meuselwitz";"Wallenborn Windpark Waltersdorf I GmbH & Co. KG";"ABR929291173975";"3.7.2024"
"SEE948203750202";"17699";"In Betrieb";"12.11.2003";"11.8.2020";"Wind";"2000";"2000";"04610";"Meuselwitz";"Wallenborn Windpark Waltersdorf I GmbH & Co. KG";"ABR929291173975";"2.7.2024"
"SEE973139450537";"17700";"In Betrieb";"10.11.2003";"11.8.2020";"Wind";"2000";"2000";"04610";"Meuselwitz";"Wallenborn Windpark Waltersdorf I GmbH & Co. KG";"ABR929291173975";"3.7.2024"
"SEE924740416177";"17701";"In Betrieb";"5.11.2003";"11.8.2020";"Wind";"2000";"2000";"04610";"Meuselwitz";"Wallenborn Windpark Waltersdorf I GmbH & Co. KG";"ABR929291173975";"6.9.2021"
"SEE951724665269";"17702";"In Betrieb";"4.11.2003";"11.8.2020";"Wind";"2000";"2000";"04610";"Meuselwitz";"Wallenborn Windpark Waltersdorf I GmbH & Co. KG";"ABR929291173975";"2.7.2024"
"SEE971293029507";"17703";"In Betrieb";"14.11.2003";"11.8.2020";"Wind";"2000";"2000";"04610";"Meuselwitz";"Wallenborn Windpark Waltersdorf I GmbH & Co. KG";"ABR929291173975";"2.7.2024"
"SEE922200521638";"17704";"In Betrieb";"4.11.2003";"11.8.2020";"Wind";"2000";"2000";"04610";"Meuselwitz";"Wallenborn Windpark Waltersdorf I GmbH & Co. KG";"ABR929291173975";"9.7.2024"
"SEE992289270925";"17705";"In Betrieb";"10.11.2003";"11.8.2020";"Wind";"2000";"2000";"04610";"Meuselwitz";"Wallenborn Windpark Waltersdorf I GmbH & Co. KG";"ABR929291173975";"3.7.2024"
"SEE939050751702";"17706";"In Betrieb";"11.11.2003";"11.8.2020";"Wind";"2000";"2000";"04610";"Meuselwitz";"Wallenborn Windpark Waltersdorf I GmbH & Co. KG";"ABR929291173975";"2.7.2024"
"SEE928643496786";"17707";"In Betrieb";"11.11.2003";"11.8.2020";"Wind";"2000";"2000";"04610";"Meuselwitz";"Wallenborn Windpark Waltersdorf I GmbH & Co. KG";"ABR929291173975";"20.11.2024"
"SEE985927387932";"WEA1";"In Planung";"";"11.8.2020";"Wind";"5600";"5600";"98631";"Grabfeld";"HSW Windpark Jüchsen GmbH & Co. KG";"ABR996959271267";"24.4.2026"
"SEE944941970223";"WEA2";"In Planung";"";"11.8.2020";"Wind";"5600";"5600";"98631";"Grabfeld";"HSW Windpark Jüchsen GmbH & Co. KG";"ABR996959271267";"24.4.2026"
"SEE928057366217";"WEA3";"In Planung";"";"11.8.2020";"Wind";"5600";"5600";"98631";"Grabfeld";"HSW Windpark Jüchsen GmbH & Co. KG";"ABR996959271267";"24.4.2026"
"SEE960036706188";"E-40_Pontewitz";"In Betrieb";"14.3.1997";"10.8.2020";"Wind";"500";"500";"04626";"Dobitschen";"Fischer Windkraft GbR";"ABR990589525967";"29.9.2023"
"SEE949057641036";"NK-B-32-F";"In Betrieb";"19.5.2017";"31.7.2020";"Wind";"800";"800";"99817";"Eisenach";"Windpark Mihla I GmbH & Co. KG";"ABR918796334400";"18.6.2026"
"SEE990603739585";"HH 54";"In Betrieb";"23.12.2016";"30.7.2020";"Wind";"3300";"3300";"99869";"Nessetal";"GSW Windmühle Hochheim 54 GmbH & Co. KG";"ABR965963647009";"22.1.2025"
"SEE922449290203";"WP Rauschwitz";"In Betrieb";"12.2.2003";"29.7.2020";"Wind";"1500";"1500";"07616";"Rauschwitz";"MRS Windpark Betriebsgesellschaft mbH & Co. KG";"ABR942377062598";"30.6.2021"
"SEE956331876794";"AS 01";"In Betrieb";"2.10.2012";"28.7.2020";"Wind";"2000";"2000";"99947";"Bad Langensalza";"GSW Windmühle Aschera 01 GmbH & Co. KG";"ABR950573263206";"22.1.2025"
"SEE957077944013";"WH 23";"In Betrieb";"21.12.2015";"28.7.2020";"Wind";"3300";"3300";"99869";"Nessetal";"GSW Windmühle Wangenheim 23 GmbH & Co. KG";"ABR900478322157";"17.2.2026"
"SEE998488128708";"HH 14.1";"In Betrieb";"22.6.2011";"27.7.2020";"Wind";"2000";"2000";"99869";"Nessetal";"Windkraft Wangenheim GmbH & Co.KG";"ABR926456507330";"16.1.2025"
"SEE964575817640";"HH 18";"In Betrieb";"23.6.2011";"27.7.2020";"Wind";"2000";"2000";"99869";"Nessetal";"Windkraft Wangenheim GmbH & Co.KG";"ABR926456507330";"16.1.2025"
"SEE942752072570";"WH 20";"In Betrieb";"15.2.2011";"27.7.2020";"Wind";"2000";"2000";"99869";"Nessetal";"Windkraft Wangenheim GmbH & Co.KG";"ABR926456507330";"16.1.2025"
"SEE947372307354";"WH 21";"In Betrieb";"24.3.2011";"27.7.2020";"Wind";"2000";"2000";"99869";"Nessetal";"Windkraft Wangenheim GmbH & Co.KG";"ABR926456507330";"16.1.2025"
"SEE913454420532";"WH 22";"In Betrieb";"16.3.2012";"27.7.2020";"Wind";"2000";"2000";"99869";"Nessetal";"Windkraft Wangenheim GmbH & Co.KG";"ABR926456507330";"16.1.2025"
"SEE913803058461";"TG 02";"In Betrieb";"26.12.2015";"27.7.2020";"Wind";"3300";"3300";"99820";"Hörselberg-Hainich";"Thüringenwind GmbH & Co. Tüngeda KG";"ABR924601204608";"16.3.2026"
"SEE935859936821";"TG 04";"In Betrieb";"30.12.2015";"27.7.2020";"Wind";"3300";"3300";"99820";"Hörselberg-Hainich";"Thüringenwind GmbH & Co. Tüngeda KG";"ABR924601204608";"16.3.2026"
"SEE904344587367";"TG 05";"In Betrieb";"22.1.2016";"27.7.2020";"Wind";"3300";"3300";"99820";"Hörselberg-Hainich";"Thüringenwind GmbH & Co. Tüngeda KG";"ABR924601204608";"14.4.2026"
"SEE969775518205";"30072";"In Betrieb";"19.3.1999";"22.7.2020";"Wind";"200";"200";"99448";"Rittersdorf";"ENERCON GmbH";"ABR908513626727";"17.3.2022"
"SEE917948826152";"HH 20";"In Betrieb";"20.6.2011";"17.7.2020";"Wind";"2000";"2000";"99869";"Nessetal";"Windkraft Hochheim 20 GmbH & Co. KG";"ABR944902877967";"16.1.2025"
"SEE915681534976";"OL 02";"In Betrieb";"30.12.2012";"16.7.2020";"Wind";"2000";"2000";"99628";"Buttstädt";"Windkraft Olbersleben I GmbH & Co. KG";"ABR958139674879";"27.11.2025"
"SEE909524102422";"OL 04";"In Betrieb";"28.12.2012";"16.7.2020";"Wind";"2000";"2000";"99628";"Buttstädt";"Windkraft Olbersleben I GmbH & Co. KG";"ABR958139674879";"27.11.2025"
"SEE960368946030";"OL 05";"In Betrieb";"28.12.2012";"16.7.2020";"Wind";"2000";"2000";"99628";"Buttstädt";"Windkraft Olbersleben I GmbH & Co. KG";"ABR958139674879";"27.11.2025"
"SEE986519163415";"OL 07";"In Betrieb";"21.12.2012";"16.7.2020";"Wind";"2000";"2000";"99628";"Buttstädt";"Windkraft Olbersleben I GmbH & Co. KG";"ABR958139674879";"27.11.2025"
"SEE996686011815";"35879 - GV 20";"In Betrieb";"16.2.2011";"16.7.2020";"Wind";"2000";"2000";"99958";"Großvargula";"Windpark UH ApS & Co. KG";"ABR954923828497";"8.1.2025"
"SEE956089739464";"35031 - GV 21";"In Betrieb";"17.2.2011";"16.7.2020";"Wind";"2000";"2000";"99958";"Großvargula";"Windpark UH ApS & Co. KG";"ABR954923828497";"8.1.2025"
"SEE981740431227";"KH 56.1";"In Betrieb";"16.9.2016";"16.7.2020";"Wind";"3300";"3300";"99947";"Kirchheilingen";"Windfeld Thüringer Becken KH 56.1 GmbH & Co. KG";"ABR932843902374";"14.10.2024"
"SEE930372015268";"24 WEA Frienstedt I";"In Betrieb";"4.7.2014";"15.7.2020";"Wind";"800";"800";"99092";"Erfurt";"VR-Bank in Nordhessen Westthüringen eG";"ABR956504155992";"18.6.2021"
"SEE964410737935";"24 WEA Frienstedt II";"In Betrieb";"7.7.2014";"15.7.2020";"Wind";"800";"800";"99092";"Erfurt";"VR-Bank in Nordhessen Westthüringen eG";"ABR956504155992";"18.6.2021"
"SEE956823799938";"24 WEA Frienstedt III";"In Betrieb";"7.7.2014";"15.7.2020";"Wind";"800";"800";"99092";"Erfurt";"VR-Bank in Nordhessen Westthüringen eG";"ABR956504155992";"18.6.2021"
"SEE924182704337";"24 WEA Frienstedt IV";"In Betrieb";"8.7.2014";"15.7.2020";"Wind";"800";"800";"99092";"Erfurt";"VR-Bank in Nordhessen Westthüringen eG";"ABR956504155992";"18.6.2021"
"SEE917172170892";"24 WEA Frienstedt V";"In Betrieb";"9.7.2014";"15.7.2020";"Wind";"800";"800";"99092";"Erfurt";"VR-Bank in Nordhessen Westthüringen eG";"ABR956504155992";"18.6.2021"
"SEE909386131769";"24 WEA Frienstedt VI";"In Betrieb";"11.7.2014";"15.7.2020";"Wind";"800";"800";"99092";"Erfurt";"VR-Bank in Nordhessen Westthüringen eG";"ABR956504155992";"18.6.2021"
"SEE977382434764";"24 WEA Frienstedt VII";"In Betrieb";"22.7.2014";"15.7.2020";"Wind";"800";"800";"99092";"Erfurt";"VR-Bank in Nordhessen Westthüringen eG";"ABR956504155992";"18.6.2021"
"SEE955990368176";"24 WEA Frienstedt VIII";"In Betrieb";"10.8.2016";"15.7.2020";"Wind";"800";"800";"99092";"Erfurt";"VR-Bank in Nordhessen Westthüringen eG";"ABR956504155992";"3.7.2026"
"SEE998192629355";"Großvargula 01";"Endgültig stillgelegt";"16.7.2002";"13.7.2020";"Wind";"1500";"1500";"99958";"Tonna";"Windpark Großvargula GmbH & Co. KG";"ABR940632362568";"19.8.2026"
"SEE979349748396";"Großvargula 02";"Endgültig stillgelegt";"16.5.2002";"13.7.2020";"Wind";"1500";"1500";"99958";"Tonna";"Windpark Großvargula GmbH & Co. KG";"ABR940632362568";"19.8.2026"
"SEE989338141107";"Großvargula 03";"Endgültig stillgelegt";"18.7.2002";"13.7.2020";"Wind";"1500";"1500";"99958";"Tonna";"Windpark Großvargula GmbH & Co. KG";"ABR940632362568";"19.8.2026"
"SEE977010162816";"Großvargula 04";"Endgültig stillgelegt";"18.12.2001";"13.7.2020";"Wind";"1500";"1500";"99958";"Tonna";"Windpark Großvargula GmbH & Co. KG";"ABR940632362568";"27.8.2026"
"SEE980059417564";"Großvargula 06";"Endgültig stillgelegt";"31.10.2001";"13.7.2020";"Wind";"1500";"1500";"99958";"Tonna";"Windpark Großvargula GmbH & Co. KG";"ABR940632362568";"19.8.2026"
"SEE942651796843";"Großvargula 07";"In Betrieb";"28.12.2001";"13.7.2020";"Wind";"1500";"1500";"99958";"Tonna";"Windpark Großvargula GmbH & Co. KG";"ABR940632362568";"19.4.2022"
"SEE952048982445";"Großvargula 08";"Endgültig stillgelegt";"15.5.2002";"13.7.2020";"Wind";"1500";"1500";"99958";"Tonna";"(natürliche Person)";"";"21.1.2026"
"SEE912218206955";"Großvargula 09";"In Betrieb";"17.4.2002";"13.7.2020";"Wind";"1500";"1500";"99958";"Tonna";"Windpark Großvargula GmbH & Co. KG";"ABR940632362568";"30.4.2021"
"SEE992322195864";"Großvargula 10";"Endgültig stillgelegt";"23.4.2002";"13.7.2020";"Wind";"1500";"1500";"99958";"Tonna";"(natürliche Person)";"";"21.1.2026"
"SEE994963485779";"Großvargula 05";"Endgültig stillgelegt";"21.2.2002";"13.7.2020";"Wind";"1500";"1500";"99958";"Tonna";"Windpark Großvargula GmbH & Co. KG";"ABR940632362568";"27.8.2026"
"SEE910832947841";"Großvargula 11";"Endgültig stillgelegt";"7.11.2001";"13.7.2020";"Wind";"1500";"1500";"99958";"Tonna";"Windpark Großvargula GmbH & Co. KG";"ABR940632362568";"3.9.2025"
"SEE998725249357";"Großvargula 12";"In Betrieb";"8.5.2002";"13.7.2020";"Wind";"1500";"1500";"99958";"Tonna";"Windpark Großvargula GmbH & Co. KG";"ABR940632362568";"30.4.2021"
"SEE930263830826";"Großvargula 13";"In Betrieb";"14.11.2001";"13.7.2020";"Wind";"1500";"1500";"99958";"Tonna";"Windpark Großvargula GmbH & Co. KG";"ABR940632362568";"19.4.2022"
"SEE973831334029";"Großvargula 14";"In Betrieb";"24.4.2002";"13.7.2020";"Wind";"1500";"1500";"99958";"Tonna";"Windpark Großvargula GmbH & Co. KG";"ABR940632362568";"28.7.2021"
"SEE971702228590";"Großvargula 15";"Endgültig stillgelegt";"7.5.2002";"13.7.2020";"Wind";"1500";"1500";"99958";"Tonna";"(natürliche Person)";"";"21.1.2026"
"SEE944122216751";"Großvargula 16";"Endgültig stillgelegt";"26.6.2002";"13.7.2020";"Wind";"1500";"1500";"99958";"Tonna";"Windpark Großvargula GmbH & Co. KG";"ABR940632362568";"2.9.2025"
"SEE985632822599";"KL 11";"In Betrieb";"22.6.2015";"10.7.2020";"Wind";"3075";"3075";"99955";"Kutzleben";"Windfeld Kutzleben II GmbH & Co. KG";"ABR962721015674";"26.8.2025"
"SEE953465064899";"KL 12";"In Betrieb";"26.6.2015";"10.7.2020";"Wind";"3075";"3075";"99955";"Kutzleben";"Windfeld Kutzleben II GmbH & Co. KG";"ABR962721015674";"26.8.2025"
"SEE923534699697";"KL 13";"In Betrieb";"26.6.2015";"10.7.2020";"Wind";"3075";"3075";"99955";"Kutzleben";"Windfeld Kutzleben II GmbH & Co. KG";"ABR962721015674";"26.8.2025"
"SEE980387966260";"KL 14";"In Betrieb";"24.6.2015";"10.7.2020";"Wind";"3075";"3075";"99955";"Kutzleben";"Windfeld Kutzleben II GmbH & Co. KG";"ABR962721015674";"26.8.2025"
"SEE940209068305";"OL 03";"In Betrieb";"27.12.2012";"10.7.2020";"Wind";"2000";"2000";"99628";"Buttstädt";"Windkraft Olbersleben II GmbH & Co. KG";"ABR949957609242";"27.11.2025"
"SEE976632733558";"OL 06";"In Betrieb";"28.12.2012";"10.7.2020";"Wind";"2000";"2000";"99628";"Buttstädt";"Windkraft Olbersleben II GmbH & Co. KG";"ABR949957609242";"27.11.2025"
"SEE902876151506";"OL 09";"In Betrieb";"18.12.2012";"10.7.2020";"Wind";"2000";"2000";"99628";"Buttstädt";"Windkraft Olbersleben II GmbH & Co. KG";"ABR949957609242";"27.11.2025"
"SEE997854136057";"OL 08";"In Betrieb";"18.12.2012";"10.7.2020";"Wind";"2000";"2000";"99628";"Buttstädt";"Windkraft Olbersleben II GmbH & Co. KG";"ABR949957609242";"20.12.2024"
"SEE965188395440";"OL 01";"In Betrieb";"29.12.2012";"10.7.2020";"Wind";"2000";"2000";"99628";"Buttstädt";"Windkraft Olbersleben I GmbH & Co. KG";"ABR958139674879";"27.11.2025"
"SEE965388548103";"Rositz WEA 1";"In Betrieb";"6.3.2003";"9.7.2020";"Wind";"1500";"1500";"04617";"Rositz";"EnBW Windkraftprojekte GmbH";"ABR986645205263";"17.2.2022"
"SEE939264177893";"Rositz WEA 2";"In Betrieb";"6.3.2003";"9.7.2020";"Wind";"1500";"1500";"04617";"Rositz";"EnBW Windkraftprojekte GmbH";"ABR986645205263";"17.2.2022"
"SEE933871383456";"Rositz WEA 3";"In Betrieb";"13.2.2003";"9.7.2020";"Wind";"1500";"1500";"04617";"Rositz";"EnBW Windkraftprojekte GmbH";"ABR986645205263";"17.2.2022"
"SEE955647520162";"Rositz WEA 4";"In Betrieb";"20.3.2003";"9.7.2020";"Wind";"1500";"1500";"04617";"Rositz";"EnBW Windkraftprojekte GmbH";"ABR986645205263";"17.2.2022"
"SEE998073576310";"Rositz WEA 5";"In Betrieb";"27.3.2003";"9.7.2020";"Wind";"1500";"1500";"04617";"Rositz";"EnBW Windkraftprojekte GmbH";"ABR986645205263";"4.8.2021"
"SEE913625700371";"Rositz WEA 6";"In Betrieb";"28.2.2003";"9.7.2020";"Wind";"1500";"1500";"04617";"Rositz";"EnBW Windkraftprojekte GmbH";"ABR986645205263";"27.2.2021"
"SEE944186800156";"Rositz WEA 7";"In Betrieb";"6.3.2003";"9.7.2020";"Wind";"1500";"1500";"04617";"Rositz";"EnBW Windkraftprojekte GmbH";"ABR986645205263";"17.2.2022"
"SEE941101493721";"Rositz WEA 8";"In Betrieb";"27.3.2003";"9.7.2020";"Wind";"1500";"1500";"04617";"Rositz";"EnBW Windkraftprojekte GmbH";"ABR986645205263";"17.2.2022"
"SEE901813253631";"Rositz WEA 9";"In Betrieb";"1.4.2003";"9.7.2020";"Wind";"1500";"1500";"04617";"Rositz";"EnBW Windkraftprojekte GmbH";"ABR986645205263";"17.2.2022"
"SEE939174200438";"KE 03.1";"In Betrieb";"23.12.2016";"9.7.2020";"Wind";"3300";"3300";"99718";"Großenehrich";"BOREAS Windfeld Kirchengel III GmbH & Co. KG";"ABR911732186552";"14.10.2024"
"SEE961920864809";"KE 04.1";"In Betrieb";"23.12.2016";"9.7.2020";"Wind";"3300";"3300";"99718";"Großenehrich";"BOREAS Windfeld Kirchengel III GmbH & Co. KG";"ABR911732186552";"14.10.2024"
"SEE927633551511";"KE 05.1";"In Betrieb";"23.12.2016";"9.7.2020";"Wind";"3300";"3300";"99718";"Großenehrich";"BOREAS Windfeld Kirchengel III GmbH & Co. KG";"ABR911732186552";"14.10.2024"
"SEE948641955436";"WP Tüttleben WKA 1";"In Betrieb";"26.1.2000";"5.7.2020";"Wind";"1050";"1050";"99869";"Tüttleben";"SkyPower Kraftwerke GmbH";"ABR941528387078";"18.2.2026"
"SEE970359508123";"WP Tüttleben WKA 2";"In Betrieb";"7.9.1999";"5.7.2020";"Wind";"1050";"1050";"99869";"Tüttleben";"SkyPower Kraftwerke GmbH";"ABR941528387078";"18.2.2026"
"SEE946657735493";"OH 02";"In Betrieb";"30.12.2007";"3.7.2020";"Wind";"2000";"2000";"99631";"Weißensee";"Windkraft Ottenhausen GmbH & Co. KG";"ABR928425416674";"14.10.2024"
"SEE993249172525";"OH 03";"In Betrieb";"27.12.2007";"3.7.2020";"Wind";"2000";"2000";"99631";"Weißensee";"Windkraft Ottenhausen GmbH & Co. KG";"ABR928425416674";"14.10.2024"
"SEE985046131812";"OH 04";"In Betrieb";"29.12.2007";"3.7.2020";"Wind";"2000";"2000";"99631";"Weißensee";"Windkraft Ottenhausen GmbH & Co. KG";"ABR928425416674";"14.10.2024"
"SEE908599528649";"OH 05";"In Betrieb";"30.12.2007";"3.7.2020";"Wind";"2000";"2000";"99631";"Weißensee";"Windkraft Ottenhausen GmbH & Co. KG";"ABR928425416674";"14.10.2024"
"SEE970728549757";"OH 06";"In Betrieb";"30.12.2007";"3.7.2020";"Wind";"2000";"2000";"99631";"Weißensee";"Windkraft Ottenhausen GmbH & Co. KG";"ABR928425416674";"14.10.2024"
"SEE961426170817";"OH 07";"In Betrieb";"29.12.2007";"3.7.2020";"Wind";"2000";"2000";"99631";"Weißensee";"Windkraft Ottenhausen GmbH & Co. KG";"ABR928425416674";"14.10.2024"
"SEE912142897298";"OH 08";"In Betrieb";"29.12.2007";"3.7.2020";"Wind";"2000";"2000";"99631";"Weißensee";"Windkraft Ottenhausen GmbH & Co. KG";"ABR928425416674";"14.10.2024"
"SEE984640260515";"GV 19";"In Betrieb";"25.6.2011";"2.7.2020";"Wind";"2000";"2000";"99958";"Großvargula";"Windpark UH II GmbH & Co. KG";"ABR974917480142";"19.12.2024"
"SEE969163400259";"OL 12";"In Betrieb";"8.5.2014";"2.7.2020";"Wind";"3075";"3075";"99628";"Buttstädt";"Windkraft Olbersleben V GmbH & Co. KG";"ABR967985462332";"26.11.2025"
"SEE942038155829";"OL 15";"In Betrieb";"8.5.2014";"2.7.2020";"Wind";"3075";"3075";"99628";"Buttstädt";"Windkraft Olbersleben V GmbH & Co. KG";"ABR967985462332";"26.11.2025"
"SEE966119157090";"GR 12";"In Betrieb";"23.12.2015";"2.7.2020";"Wind";"3075";"3075";"99718";"Greußen";"BOREAS Windfeld Greußen II GmbH & Co. KG";"ABR911757601368";"17.2.2026"
"SEE933192558939";"GR 13";"In Betrieb";"28.12.2015";"2.7.2020";"Wind";"3075";"3075";"99718";"Greußen";"BOREAS Windfeld Greußen II GmbH & Co. KG";"ABR911757601368";"17.2.2026"
"SEE992651645658";"OH 01";"In Betrieb";"30.12.2007";"2.7.2020";"Wind";"2000";"2000";"99631";"Weißensee";"Windkraft Ottenhausen GmbH & Co. KG";"ABR928425416674";"14.10.2024"
"SEE965475988232";"Frauenprießnitz WEA 17712";"In Betrieb";"19.12.2002";"30.6.2020";"Wind";"1000";"1000";"07774";"Frauenprießnitz";"Weikmann Immotec GmbH & Co. KG";"ABR991734186477";"24.2.2022"
"SEE947995685839";"HL 08";"In Betrieb";"25.8.2014";"26.6.2020";"Wind";"3075";"3075";"99955";"Herbsleben";"Windkraft Herbsleben V GmbH & Co. KG";"ABR972156012292";"19.12.2024"
"SEE905073849054";"BR 01";"In Betrieb";"7.12.2017";"26.6.2020";"Wind";"3300";"3300";"99869";"Nessetal";"Windkraft Brüheim GmbH & Co. KG";"ABR984804651951";"16.1.2025"
"SEE985666917636";"BR 02";"In Betrieb";"8.12.2017";"26.6.2020";"Wind";"3300";"3300";"99869";"Nessetal";"Windkraft Brüheim GmbH & Co. KG";"ABR984804651951";"16.1.2025"
"SEE908963823288";"BS 13";"In Betrieb";"27.3.2012";"26.6.2020";"Wind";"3075";"3075";"99869";"Nessetal";"Windkraft Ballstädt GmbH & Co. KG";"ABR943010289525";"16.1.2025"
"SEE929306204502";"BS 15";"In Betrieb";"23.4.2012";"26.6.2020";"Wind";"3075";"3075";"99869";"Nessetal";"Windkraft Ballstädt GmbH & Co. KG";"ABR943010289525";"16.1.2025"
"SEE996591909986";"BS 16";"In Betrieb";"11.4.2012";"26.6.2020";"Wind";"3075";"3075";"99869";"Nessetal";"Windkraft Ballstädt GmbH & Co. KG";"ABR943010289525";"16.1.2025"
"SEE911157653103";"GV 17";"In Betrieb";"26.6.2011";"26.6.2020";"Wind";"2000";"2000";"99958";"Großvargula";"Windpark UH II GmbH & Co. KG";"ABR974917480142";"19.12.2024"
"SEE967815853019";"HL 07";"In Betrieb";"11.2.2011";"25.6.2020";"Wind";"2000";"2000";"99955";"Herbsleben";"Windkraft Herbsleben IV GmbH & Co. KG";"ABR939509547603";"19.12.2024"
"SEE957872886624";"HL 10.1";"In Betrieb";"22.12.2015";"25.6.2020";"Wind";"2000";"2000";"99955";"Herbsleben";"Windkraft Herbsleben VI GmbH & Co. KG";"ABR911245617413";"17.2.2026"
"SEE914899592662";"KH 16";"In Betrieb";"16.11.2010";"25.6.2020";"Wind";"2000";"2000";"99947";"Kirchheilingen";"Windkraft Kirchheilingen III GmbH & Co. KG";"ABR964741009442";"31.5.2021"
"SEE917946186111";"KH 17";"In Betrieb";"30.12.2009";"25.6.2020";"Wind";"2000";"2000";"99947";"Kirchheilingen";"Windkraft Kirchheilingen III GmbH & Co. KG";"ABR964741009442";"14.10.2024"
"SEE934665630688";"KH 18";"In Betrieb";"20.1.2010";"25.6.2020";"Wind";"2000";"2000";"99947";"Kirchheilingen";"Windkraft Kirchheilingen III GmbH & Co. KG";"ABR964741009442";"14.10.2024"
"SEE972050175017";"KH 19";"In Betrieb";"27.12.2010";"25.6.2020";"Wind";"2000";"2000";"99947";"Kirchheilingen";"Windkraft Kirchheilingen III GmbH & Co. KG";"ABR964741009442";"14.10.2024"
"SEE972727354707";"KH 26";"In Betrieb";"24.1.2011";"25.6.2020";"Wind";"2000";"2000";"99947";"Kirchheilingen";"Windkraft Kirchheilingen III GmbH & Co. KG";"ABR964741009442";"14.10.2024"
"SEE983148007158";"KH 30";"In Betrieb";"17.2.2010";"25.6.2020";"Wind";"2000";"2000";"99947";"Kirchheilingen";"Windkraft Kirchheilingen III GmbH & Co. KG";"ABR964741009442";"14.10.2024"
"SEE936096659689";"KH 32";"In Betrieb";"2.2.2010";"25.6.2020";"Wind";"2000";"2000";"99947";"Kirchheilingen";"Windkraft Kirchheilingen III GmbH & Co. KG";"ABR964741009442";"14.10.2024"
"SEE927934206899";"TL 02";"In Betrieb";"4.2.2010";"25.6.2020";"Wind";"2000";"2000";"99947";"Kirchheilingen";"Windkraft Kirchheilingen III GmbH & Co. KG";"ABR964741009442";"15.10.2024"
"SEE941776988447";"KH 46.1";"In Betrieb";"2.12.2015";"25.6.2020";"Wind";"3300";"3300";"99947";"Kirchheilingen";"Windkraft Kirchheilingen III GmbH & Co. KG";"ABR964741009442";"16.2.2026"
"SEE907825626364";"KH 14";"In Betrieb";"30.12.2003";"23.6.2020";"Wind";"1500";"1500";"99947";"Kirchheilingen";"BOREAS Energie GmbH";"ABR909054335185";"19.4.2022"
"SEE905846543264";"Windkraft";"In Betrieb";"21.10.1996";"19.6.2020";"Wind";"600";"600";"04626";"Schmölln";"PR Windkraft GmbH";"ABR932681258701";"6.2.2023"
"SEE998561093244";"Windrad Bornhügel 18";"In Betrieb";"5.6.2012";"19.6.2020";"Wind";"10";"10";"98724";"Neuhaus";"R. Müller CNC-Fertigungstechnik e.K.";"ABR956085424937";"11.9.2020"
"SEE930379683514";"BG 02";"In Betrieb";"12.12.2003";"19.6.2020";"Wind";"1500";"1500";"99947";"Kirchheilingen";"GSW Windmühlen Fonds 2003 GmbH & Co. KG";"ABR909682503246";"22.1.2025"
"SEE905012207624";"BG 06";"In Betrieb";"31.7.2013";"19.6.2020";"Wind";"2000";"2000";"99947";"Kirchheilingen";"GSW Windmühlen Fonds 2003 GmbH & Co. KG";"ABR909682503246";"22.1.2025"
"SEE953036244026";"HR 08";"Endgültig stillgelegt";"23.12.2004";"17.6.2020";"Wind";"900";"900";"99817";"Eisenach";"Windkraft Neukirchen III GmbH & Co. KG";"ABR922982185561";"1.9.2025"
"SEE971333592305";"70257";"In Betrieb";"24.4.2003";"17.6.2020";"Wind";"1500";"1500";"99734";"Nordhausen";"Momentum Energy Germany GmbH & Co.KG";"ABR942424506877";"10.1.2025"
"SEE903227024739";"HR 04";"Endgültig stillgelegt";"22.12.2004";"17.6.2020";"Wind";"900";"900";"99817";"Eisenach";"Windkraft Neukirchen III GmbH & Co. KG";"ABR922982185561";"18.8.2026"
"SEE955539466530";"E 921766-25";"In Betrieb";"10.6.2020";"12.6.2020";"Wind";"2350";"2350";"99869";"Nessetal";"Windpark Wangenheim/Hochheim  GmbH & Co. Betriebs-KG";"ABR929330099815";"8.9.2026"
"SEE965904701210";"Windkraft";"In Betrieb";"26.3.2001";"11.6.2020";"Wind";"1000";"1000";"99869";"Schwabhausen";"Xenturion GmbH";"ABR969772662727";"31.8.2021"
"SEE953212597977";"Windkraft";"In Betrieb";"29.4.2004";"11.6.2020";"Wind";"1800";"1800";"99869";"Schwabhausen";"DBS Bernd Köhler";"ABR917905226957";"1.7.2021"
"SEE918376535234";"GL 01";"Endgültig stillgelegt";"15.11.2002";"10.6.2020";"Wind";"1500";"1500";"99634";"Gangloffsömmern";"(natürliche Person)";"";"19.1.2023"
"SEE957479206146";"WKA Berga 1";"In Betrieb";"12.10.1997";"9.6.2020";"Wind";"500";"500";"07980";"Berga";"Agrargenossenschaft Elstertal Markersdorf eG";"ABR921845107245";"28.5.2021"
"SEE962274963194";"WKA Berga 2";"In Betrieb";"1.8.1997";"9.6.2020";"Wind";"600";"600";"07980";"Berga";"MA-WI Windkraft Beteiligungs GmbH";"ABR989299138215";"28.5.2021"
"SEE998013206017";"Thonhausen WEA6";"In Betrieb";"25.10.2017";"8.6.2020";"Wind";"3400";"3400";"04626";"Thonhausen";"Steffen Stecher e.K.";"ABR981064215428";"27.1.2022"
"SEE959203920700";"ABR989919467510";"In Betrieb";"22.8.2013";"6.6.2020";"Wind";"4,199";"4,199";"98673";"Eisfeld";"(natürliche Person)";"ABR989919467510";"27.3.2021"
"SEE911040282441";"HH55.1";"In Betrieb";"14.5.2020";"5.6.2020";"Wind";"4200";"4200";"99869";"Nessetal";"Windkraft Hochheim V GmbH & Co. KG";"ABR960529023297";"5.5.2026"
"SEE974681256691";"HH56";"In Betrieb";"14.5.2020";"5.6.2020";"Wind";"4200";"4200";"99869";"Nessetal";"Windkraft Hochheim V GmbH & Co. KG";"ABR960529023297";"5.5.2026"
"SEE944098908087";"WEA 11 - 70 1269";"In Betrieb";"11.6.2003";"4.6.2020";"Wind";"1800";"1800";"37359";"Büttstedt";"GERES EnergieSysteme GmbH";"ABR965463074305";"11.4.2024"
"SEE995927647042";"WEA 14 - 70 1272";"In Betrieb";"30.7.2003";"4.6.2020";"Wind";"1800";"1800";"37359";"Büttstedt";"GERES EnergieSysteme GmbH";"ABR965463074305";"11.4.2024"
"SEE980859384998";"WEA 15 - 70 1273";"In Betrieb";"28.6.2003";"4.6.2020";"Wind";"1800";"1800";"37359";"Büttstedt";"GERES EnergieSysteme GmbH";"ABR965463074305";"11.4.2024"
"SEE982429994170";"WEA 16 - 70 1274";"In Betrieb";"10.7.2003";"4.6.2020";"Wind";"1800";"1800";"37359";"Büttstedt";"GERES EnergieSysteme GmbH";"ABR965463074305";"11.4.2024"
"SEE955275110285";"WEA 17 - 70 1275";"In Betrieb";"27.6.2003";"4.6.2020";"Wind";"1800";"1800";"37359";"Büttstedt";"HM Green Line GmbH";"ABR956732283016";"8.10.2024"
"SEE967696528525";"HR 05";"Endgültig stillgelegt";"14.12.2005";"3.6.2020";"Wind";"800";"800";"99817";"Eisenach";"(natürliche Person)";"";"10.8.2026"
"SEE919718628461";"WEA 1 - 70 1259";"In Betrieb";"11.9.2003";"3.6.2020";"Wind";"1800";"1800";"37359";"Büttstedt";"GERES EnergieSysteme GmbH";"ABR965463074305";"11.4.2024"
"SEE970967662934";"WEA 7 - 70 1265";"In Betrieb";"23.7.2003";"3.6.2020";"Wind";"1800";"1800";"37359";"Büttstedt";"GERES EnergieSysteme GmbH";"ABR965463074305";"11.4.2024"
"SEE921592368579";"WEA 9 - 70 1267";"In Betrieb";"26.6.2003";"3.6.2020";"Wind";"1800";"1800";"37359";"Büttstedt";"GERES EnergieSysteme GmbH";"ABR965463074305";"11.4.2024"
"SEE922338369867";"WEA 12-70387 MD77";"In Betrieb";"18.12.2003";"28.5.2020";"Wind";"1500";"1500";"07619";"Schkölen";"Windpark Wetzdorf GmbH & Co. KG c/o Das Grüne Emissionshaus GmbH";"ABR914829576557";"7.2.2022"
"SEE973282771879";"WEA 13-70381 MD77";"In Betrieb";"18.12.2003";"28.5.2020";"Wind";"1500";"1500";"07619";"Schkölen";"Windpark Wetzdorf GmbH & Co. KG c/o Das Grüne Emissionshaus GmbH";"ABR914829576557";"7.2.2022"
"SEE991818887061";"WEA 14-70365 MD77";"In Betrieb";"17.12.2003";"28.5.2020";"Wind";"1500";"1500";"07619";"Schkölen";"Windpark Wetzdorf GmbH & Co. KG c/o Das Grüne Emissionshaus GmbH";"ABR914829576557";"7.2.2022"
"SEE902611706770";"WKA Trügleben 1";"In Betrieb";"22.6.1999";"27.5.2020";"Wind";"600";"600";"99880";"Trügleben";"(natürliche Person)";"ABR963867402908";"25.1.2022"
"SEE999179483076";"WEA 01-70366 MD77";"In Betrieb";"21.12.2003";"27.5.2020";"Wind";"1500";"1500";"07619";"Schkölen";"Windpark Wetzdorf GmbH & Co. KG c/o Das Grüne Emissionshaus GmbH";"ABR914829576557";"7.2.2022"
"SEE984448964523";"WEA 02-70363 MD77";"In Betrieb";"12.12.2003";"27.5.2020";"Wind";"1500";"1500";"07619";"Schkölen";"Windpark Wetzdorf GmbH & Co. KG c/o Das Grüne Emissionshaus GmbH";"ABR914829576557";"7.2.2022"
"SEE975462277584";"WEA 03-70362 MD77";"In Betrieb";"11.12.2003";"27.5.2020";"Wind";"1500";"1500";"07619";"Schkölen";"Windpark Wetzdorf GmbH & Co. KG c/o Das Grüne Emissionshaus GmbH";"ABR914829576557";"7.2.2022"
"SEE922873097829";"WKA Trügleben 2";"In Betrieb";"20.7.1999";"27.5.2020";"Wind";"600";"600";"99880";"Trügleben";"(natürliche Person)";"ABR963867402908";"25.1.2022"
"SEE929133424098";"WEA 04-70298 MD77";"In Betrieb";"2.12.2003";"27.5.2020";"Wind";"1500";"1500";"07619";"Schkölen";"Windpark Wetzdorf GmbH & Co. KG c/o Das Grüne Emissionshaus GmbH";"ABR914829576557";"7.2.2022"
"SEE949514193580";"WEA 05-70278 MD77";"In Betrieb";"1.12.2003";"27.5.2020";"Wind";"1500";"1500";"07619";"Schkölen";"Windpark Wetzdorf GmbH & Co. KG c/o Das Grüne Emissionshaus GmbH";"ABR914829576557";"15.3.2023"
"SEE936486935232";"WEA 06-70335 MD77";"In Betrieb";"9.12.2003";"27.5.2020";"Wind";"1500";"1500";"07619";"Schkölen";"Windpark Wetzdorf GmbH & Co. KG c/o Das Grüne Emissionshaus GmbH";"ABR914829576557";"7.2.2022"
"SEE918399419122";"WEA 07-70358 MD77";"In Betrieb";"17.12.2003";"27.5.2020";"Wind";"1500";"1500";"07619";"Schkölen";"Windpark Wetzdorf GmbH & Co. KG c/o Das Grüne Emissionshaus GmbH";"ABR914829576557";"7.2.2022"
"SEE974993104635";"WEA 08-70336 MD77";"In Betrieb";"20.12.2003";"27.5.2020";"Wind";"1500";"1500";"07619";"Schkölen";"Windpark Wetzdorf GmbH & Co. KG c/o Das Grüne Emissionshaus GmbH";"ABR914829576557";"7.2.2022"
"SEE920407936422";"WEA 09-70341 MD77";"In Betrieb";"18.12.2003";"27.5.2020";"Wind";"1500";"1500";"07619";"Schkölen";"Windpark Wetzdorf GmbH & Co. KG c/o Das Grüne Emissionshaus GmbH";"ABR914829576557";"7.2.2022"
"SEE979298603166";"WKA Trügleben 3 (Vestas)";"In Betrieb";"30.4.2004";"27.5.2020";"Wind";"850";"850";"99880";"Trügleben";"Gisela & Doris Feigl GbR";"ABR909978342917";"24.6.2021"
"SEE968525025789";"WEA 10-70382 MD77";"In Betrieb";"20.12.2003";"27.5.2020";"Wind";"1500";"1500";"07619";"Schkölen";"Windpark Wetzdorf GmbH & Co. KG c/o Das Grüne Emissionshaus GmbH";"ABR914829576557";"7.2.2022"
"SEE980573964421";"WEA 11-70364 MD77";"In Betrieb";"15.12.2003";"27.5.2020";"Wind";"1500";"1500";"07619";"Schkölen";"Windpark Wetzdorf GmbH & Co. KG c/o Das Grüne Emissionshaus GmbH";"ABR914829576557";"7.2.2022"
"SEE990764993321";"Windmühle Forstwolfersdorf";"In Betrieb";"19.12.2002";"25.5.2020";"Wind";"25";"25";"07570";"Harth-Pöllnitz";"(natürliche Person)";"ABR905959582884";"13.4.2021"
"SEE917913901938";"ADM Windkraft GmbH & Co. Pölzig KG";"In Betrieb";"9.10.2003";"20.5.2020";"Wind";"850";"850";"07554";"Pölzig";"ZOPF Windfang GmbH";"ABR974422971418";"21.9.2022"
"SEE956545746562";"825490";"In Betrieb";"19.12.2013";"19.5.2020";"Wind";"2300";"2300";"37359";"Büttstedt";"GERES EnergieSysteme II GmbH";"ABR930101746326";"23.11.2023"
"SEE985700320255";"782138";"In Betrieb";"13.1.2009";"19.5.2020";"Wind";"2300";"2300";"37359";"Effelder";"GERES EnergieSysteme GmbH";"ABR965463074305";"7.7.2026"
"SEE933468647671";"782140";"In Betrieb";"12.1.2009";"19.5.2020";"Wind";"2300";"2300";"37359";"Effelder";"GERES EnergieSysteme GmbH";"ABR965463074305";"22.3.2024"
"SEE979543007466";"784092";"In Betrieb";"19.3.2014";"19.5.2020";"Wind";"2300";"2300";"37359";"Effelder";"GERES EnergieSysteme II GmbH";"ABR930101746326";"8.7.2026"
"SEE926649555872";"442344";"In Betrieb";"30.11.2004";"19.5.2020";"Wind";"600";"600";"99976";"Rodeberg";"HM Green Line GmbH";"ABR956732283016";"8.7.2026"
"SEE944418538840";"784091";"In Betrieb";"12.3.2014";"19.5.2020";"Wind";"2300";"2300";"99976";"Rodeberg";"HM Green Line GmbH";"ABR956732283016";"8.7.2026"
"SEE984407026903";"E40 40991";"In Betrieb";"24.10.1997";"19.5.2020";"Wind";"500";"500";"99518";"Bad Sulza";"Ulrich Heineck UHNS e.K.";"ABR904611469679";"29.9.2022"
"SEE916805632608";"E40 40989";"In Betrieb";"24.10.1997";"19.5.2020";"Wind";"500";"500";"99510";"Eckolstädt";"Ulrich Heineck UHNS e.K.";"ABR904611469679";"13.10.2021"
"SEE995572034211";"E40 40988";"In Betrieb";"24.10.1997";"19.5.2020";"Wind";"500";"500";"99518";"Bad Sulza";"Ulrich Heineck UHNS e.K.";"ABR904611469679";"14.8.2025"
"SEE922488212372";"E40 40963";"In Betrieb";"23.10.1997";"19.5.2020";"Wind";"500";"500";"99518";"Bad Sulza";"Ulrich Heineck UHNS e.K.";"ABR904611469679";"14.8.2025"
"SEE970625439205";"E40 40962";"In Betrieb";"22.10.1997";"19.5.2020";"Wind";"500";"500";"99518";"Bad Sulza";"Ulrich Heineck UHNS e.K.";"ABR904611469679";"14.8.2025"
"SEE997824873425";"E40 40965";"In Betrieb";"22.10.1997";"19.5.2020";"Wind";"500";"500";"99510";"Eckolstädt";"Ulrich Heineck UHNS e.K.";"ABR904611469679";"29.9.2021"
"SEE904054206015";"E70 70810";"In Betrieb";"11.9.2002";"19.5.2020";"Wind";"1800";"1800";"99518";"Bad Sulza";"Ulrich Heineck UHNS e.K.";"ABR904611469679";"1.2.2023"
"SEE993293370458";"E70 70809";"In Betrieb";"11.9.2002";"19.5.2020";"Wind";"1800";"1800";"99518";"Bad Sulza";"Ulrich Heineck UHNS e.K.";"ABR904611469679";"14.8.2025"
"SEE919941919671";"E40 40961";"In Betrieb";"21.10.1997";"18.5.2020";"Wind";"500";"500";"99518";"Bad Sulza";"Ulrich Heineck UHNS e.K.";"ABR904611469679";"29.9.2022"
"SEE909010517211";"BACH07";"In Betrieb";"11.11.2000";"18.5.2020";"Wind";"600";"600";"99636";"Rastenberg";"BOREAS Energie GmbH";"ABR909054335185";"26.10.2021"
"SEE902770286960";"BACH10";"Endgültig stillgelegt";"24.3.1997";"18.5.2020";"Wind";"500";"500";"99636";"Rastenberg";"(natürliche Person)";"";"4.2.2026"
"SEE927415522081";"BACH08";"In Betrieb";"24.3.1997";"18.5.2020";"Wind";"500";"500";"99636";"Rastenberg";"BOREAS Energie GmbH";"ABR909054335185";"24.11.2021"
"SEE973636887218";"E 48 800 GBR";"In Betrieb";"17.4.2009";"18.5.2020";"Wind";"800";"800";"99636";"Rastenberg";"Gebrüder Weber";"ABR913205583486";"26.5.2021"
"SEE923169567644";"E40 40960";"In Betrieb";"21.10.1997";"18.5.2020";"Wind";"500";"500";"99510";"Eckolstädt";"Ulrich Heineck UHNS e.K.";"ABR904611469679";"15.10.2021"
"SEE971467554538";"WEA EB";"In Betrieb";"22.10.1993";"15.5.2020";"Wind";"600";"600";"07368";"Remptendorf";"(natürliche Person)";"ABR944795420899";"21.10.2022"
"SEE943287137079";"825486";"In Betrieb";"8.11.2013";"15.5.2020";"Wind";"2300";"2300";"37359";"Büttstedt";"GERES EnergieSysteme II GmbH";"ABR930101746326";"23.11.2023"
"SEE924972546598";"825487";"In Betrieb";"4.12.2013";"15.5.2020";"Wind";"2300";"2300";"37359";"Büttstedt";"GERES EnergieSysteme II GmbH";"ABR930101746326";"8.7.2024"
"SEE970515403118";"825488";"In Betrieb";"28.11.2013";"15.5.2020";"Wind";"2300";"2300";"37359";"Büttstedt";"GERES EnergieSysteme II GmbH";"ABR930101746326";"23.11.2023"
"SEE990461904910";"825489";"In Betrieb";"19.12.2013";"15.5.2020";"Wind";"2300";"2300";"37359";"Büttstedt";"GERES EnergieSysteme II GmbH";"ABR930101746326";"8.7.2024"
"SEE937485860327";"70303";"In Betrieb";"17.12.2003";"14.5.2020";"Wind";"1500";"1500";"99834";"Gerstungen";"Windpark Förtha GmbH & Co. KG";"ABR960849753447";"27.5.2021"
"SEE972604623506";"V26183";"In Betrieb";"11.9.2007";"13.5.2020";"Wind";"2000";"2000";"36404";"Vacha";"Ecopart Riesenberg GmbH & Co. KG";"ABR900661955452";"18.12.2024"
"SEE967064314569";"Windkraftanlage";"In Betrieb";"1.6.2014";"13.5.2020";"Wind";"3050";"3050";"07554";"Pölzig";"Avel GmbH& Co.KG";"ABR920974120859";"18.10.2023"
"SEE919311470061";"V26184";"In Betrieb";"11.9.2007";"13.5.2020";"Wind";"2000";"2000";"36404";"Vacha";"Ecopart Riesenberg GmbH & Co. KG";"ABR900661955452";"18.12.2024"
"SEE960453542604";"V25964";"In Betrieb";"11.9.2007";"13.5.2020";"Wind";"2000";"2000";"36404";"Vacha";"Ecopart Riesenberg GmbH & Co. KG";"ABR900661955452";"18.12.2024"
"SEE995902771144";"Windkraftanlage";"In Betrieb";"31.1.2014";"12.5.2020";"Wind";"2400";"2400";"99869";"Nessetal";"(natürliche Person)";"ABR998262234113";"27.6.2024"
"SEE934981707132";"Einzelanlage 12036";"In Betrieb";"9.6.2004";"11.5.2020";"Wind";"1800";"1800";"06577";"An der Schmücke";"QE Barnstädt Portfolio Bestand GmbH & Co. KG";"ABR986726756097";"8.1.2026"
"SEE957926445890";"Einzelanlage 12037";"In Betrieb";"8.6.2004";"11.5.2020";"Wind";"1800";"1800";"06577";"An der Schmücke";"QE Barnstädt Portfolio Bestand GmbH & Co. KG";"ABR986726756097";"8.1.2026"
"SEE946202934869";"Einzelanlage 12038";"In Betrieb";"27.5.2004";"11.5.2020";"Wind";"1800";"1800";"06577";"An der Schmücke";"QE Barnstädt Portfolio Bestand GmbH & Co. KG";"ABR986726756097";"8.1.2026"
"SEE925480404516";"WP Tüttleben WKA  4";"In Betrieb";"26.1.2000";"10.5.2020";"Wind";"1050";"1050";"99869";"Tüttleben";"SkyPower Kraftwerke GmbH";"ABR941528387078";"18.2.2026"
"SEE943542034785";"Einzelanlage 4642";"In Betrieb";"7.6.2004";"30.4.2020";"Wind";"1800";"1800";"06577";"An der Schmücke";"QE Barnstädt Portfolio Bestand GmbH & Co. KG";"ABR986726756097";"21.3.2025"
"SEE975920387343";"Einzelanlage 12035";"In Betrieb";"3.6.2004";"30.4.2020";"Wind";"1800";"1800";"06577";"An der Schmücke";"QE Barnstädt Portfolio Bestand GmbH & Co. KG";"ABR986726756097";"8.1.2026"
"SEE904189113066";"witz";"In Betrieb";"18.12.2002";"29.4.2020";"Wind";"1500";"1500";"07616";"Rauschwitz";"(natürliche Person)";"ABR975057374209";"5.11.2024"
"SEE946477593464";"WEA Voigtstedt 44966";"In Betrieb";"1.9.2001";"23.4.2020";"Wind";"600";"600";"06556";"Artern";"WP Voigtstedt GmbH & Co. KG";"ABR951946388861";"30.4.2025"
"SEE933499587205";"WEA Voigtstedt 44967";"In Betrieb";"1.10.2001";"22.4.2020";"Wind";"600";"600";"06556";"Artern";"WP Voigtstedt GmbH & Co. KG";"ABR951946388861";"11.2.2025"
"SEE930498604810";"WEA Voigtstedt 44968";"In Betrieb";"1.9.2001";"22.4.2020";"Wind";"600";"600";"06556";"Artern";"WP Voigtstedt GmbH & Co. KG";"ABR951946388861";"11.2.2025"
"SEE988465406677";"V41577-5";"In Betrieb";"22.3.2011";"22.4.2020";"Wind";"2000";"2000";"99610";"Wundersleben";"Strom aus Wind GmbH & Co. Windpark Wundersleben KG";"ABR998718486646";"21.4.2022"
"SEE946367577932";"V41576-7";"In Betrieb";"28.3.2011";"22.4.2020";"Wind";"2000";"2000";"99610";"Wundersleben";"Strom aus Wind GmbH & Co. Windpark Wundersleben KG";"ABR998718486646";"14.6.2021"
"SEE965316072649";"WEA 08-70315 MD77";"In Betrieb";"12.11.2003";"10.4.2020";"Wind";"1500";"1500";"99713";"Ebeleben";"Windpark Großberndten GmbH & Co. KG c/o Das Grüne Emissionshaus";"ABR976835710899";"17.1.2023"
"SEE913816403715";"WEA 09-70314 MD77";"In Betrieb";"8.11.2003";"10.4.2020";"Wind";"1500";"1500";"99713";"Ebeleben";"Windpark Großberndten GmbH & Co. KG c/o Das Grüne Emissionshaus";"ABR976835710899";"17.1.2023"
"SEE911963282818";"WEA 10-70330 MD77";"In Betrieb";"7.11.2003";"10.4.2020";"Wind";"1500";"1500";"99713";"Ebeleben";"Windpark Großberndten GmbH & Co. KG c/o Das Grüne Emissionshaus";"ABR976835710899";"17.1.2023"
"SEE985486551614";"WEA 11-70319 MD77";"In Betrieb";"7.11.2003";"10.4.2020";"Wind";"1500";"1500";"99713";"Ebeleben";"Windpark Großberndten GmbH & Co. KG c/o Das Grüne Emissionshaus";"ABR976835710899";"15.2.2023"
"SEE998609200894";"WEA 13-70334 MD77";"In Betrieb";"5.11.2003";"10.4.2020";"Wind";"1500";"1500";"99713";"Ebeleben";"Windpark Großberndten GmbH & Co. KG c/o Das Grüne Emissionshaus";"ABR976835710899";"15.2.2023"
"SEE988008370564";"HL 09";"In Betrieb";"10.4.2014";"9.4.2020";"Wind";"3075";"3075";"99955";"Herbsleben";"GSW Windmühle Herbsleben 09 GmbH & Co. KG";"ABR923187524759";"19.12.2024"
"SEE909134007759";"WEA Voigtstedt 44969";"In Betrieb";"1.12.2002";"9.4.2020";"Wind";"600";"600";"06556";"Artern";"Energiequelle WvA GmbH & Co. KG";"ABR971098737706";"1.7.2024"
"SEE976150102744";"WEA Voigtstedt 44970";"In Betrieb";"1.12.2002";"9.4.2020";"Wind";"600";"600";"06556";"Artern";"Energiequelle WvA GmbH & Co. KG";"ABR971098737706";"3.7.2024"
"SEE924370541096";"WEA 03-70332 MD77";"In Betrieb";"6.11.2003";"8.4.2020";"Wind";"1500";"1500";"99713";"Ebeleben";"Windpark Großberndten GmbH & Co. KG c/o Das Grüne Emissionshaus";"ABR976835710899";"17.1.2023"
"SEE929167608211";"WEA 04-70333 MD77";"In Betrieb";"5.11.2003";"8.4.2020";"Wind";"1500";"1500";"99713";"Ebeleben";"Windpark Großberndten GmbH & Co. KG c/o Das Grüne Emissionshaus";"ABR976835710899";"17.1.2023"
"SEE991635128750";"WEA 05-70318 MD77";"In Betrieb";"8.11.2003";"8.4.2020";"Wind";"1500";"1500";"99713";"Ebeleben";"Windpark Großberndten GmbH & Co. KG c/o Das Grüne Emissionshaus";"ABR976835710899";"17.1.2023"
"SEE931106702195";"WEA 07-70317 MD77";"In Betrieb";"5.11.2003";"8.4.2020";"Wind";"1500";"1500";"99713";"Ebeleben";"Windpark Großberndten GmbH & Co. KG c/o Das Grüne Emissionshaus";"ABR976835710899";"17.1.2023"
"SEE984126141284";"WEA 01-70316 MD77";"In Betrieb";"9.11.2003";"7.4.2020";"Wind";"1500";"1500";"99713";"Ebeleben";"Windpark Großberndten GmbH & Co. KG c/o Das Grüne Emissionshaus";"ABR976835710899";"17.1.2023"
"SEE941890950917";"VE-02-209014";"In Betrieb";"29.1.2016";"3.4.2020";"Wind";"3075";"3075";"04617";"Fockendorf";"Investinvent 3. Windpark";"ABR998041838563";"19.12.2024"
"SEE991753387060";"782880";"In Betrieb";"31.12.2010";"3.4.2020";"Wind";"2000";"2000";"99947";"Bad Langensalza";"Windpark Wiegleben II GmbH & Co. KG";"ABR950693184306";"18.12.2024"
"SEE929588325810";"782881";"In Betrieb";"31.12.2010";"3.4.2020";"Wind";"2000";"2000";"99947";"Bad Langensalza";"Windpark Wiegleben II GmbH & Co. KG";"ABR950693184306";"18.12.2024"
"SEE930180926855";"782882";"In Betrieb";"31.12.2010";"3.4.2020";"Wind";"2000";"2000";"99947";"Bad Langensalza";"Windpark Wiegleben II GmbH & Co. KG";"ABR950693184306";"18.12.2024"
"SEE926469864444";"VE-01-206089";"In Betrieb";"24.2.2015";"2.4.2020";"Wind";"3000";"3000";"04617";"Starkenberg";"Investinvent 3. Windpark";"ABR998041838563";"22.5.2025"
"SEE929947863281";"781749";"In Betrieb";"6.3.2008";"2.4.2020";"Wind";"2000";"2000";"99880";"Waltershausen";"Alterric Windpark GmbH &Co. Waltershausen KG";"ABR933142619949";"18.12.2024"
"SEE974838924107";"781750";"In Betrieb";"6.3.2008";"2.4.2020";"Wind";"2000";"2000";"99880";"Waltershausen";"Alterric Windpark GmbH &Co. Waltershausen KG";"ABR933142619949";"18.12.2024"
"SEE966874680383";"M700 Frauenprießnitz WEA";"In Betrieb";"10.11.1995";"27.3.2020";"Wind";"225";"225";"07774";"Frauenprießnitz";"Rasmus GmbH";"ABR969525737825";"31.3.2025"
"SEE902299962048";"V 229464-27";"In Betrieb";"25.3.2020";"26.3.2020";"Wind";"3300";"3300";"99869";"Nessetal";"Windpark Wangenheim/Hochheim  GmbH & Co. Betriebs-KG";"ABR929330099815";"7.9.2026"
"SEE944779829250";"V 229465-28";"In Betrieb";"25.3.2020";"26.3.2020";"Wind";"3300";"3300";"99869";"Nessetal";"Windpark Wangenheim/Hochheim  GmbH & Co. Betriebs-KG";"ABR929330099815";"7.9.2026"
"SEE963289783555";"V 229466-29";"In Betrieb";"26.3.2020";"26.3.2020";"Wind";"3300";"3300";"99869";"Nessetal";"Windpark Wangenheim/Hochheim  GmbH & Co. Betriebs-KG";"ABR929330099815";"7.9.2026"
"SEE992398623872";"KL 02";"In Betrieb";"3.8.2006";"20.3.2020";"Wind";"2000";"2000";"99955";"Kutzleben";"Windkraft Kutzleben III GmbH & Co. KG";"ABR935335894171";"14.10.2024"
"SEE900312406333";"KL 06";"In Betrieb";"27.7.2006";"20.3.2020";"Wind";"2000";"2000";"99955";"Kutzleben";"Windkraft Kutzleben III GmbH & Co. KG";"ABR935335894171";"14.10.2024"
"SEE964816426389";"KL 07";"In Betrieb";"18.8.2006";"20.3.2020";"Wind";"2000";"2000";"99955";"Kutzleben";"Windkraft Kutzleben III GmbH & Co. KG";"ABR935335894171";"14.10.2024"
"SEE926606639317";"KL 08";"In Betrieb";"5.10.2006";"20.3.2020";"Wind";"2000";"2000";"99955";"Kutzleben";"Windkraft Kutzleben III GmbH & Co. KG";"ABR935335894171";"14.10.2024"
"SEE909850878237";"KL 09";"In Betrieb";"15.8.2006";"20.3.2020";"Wind";"2000";"2000";"99955";"Kutzleben";"Windkraft Kutzleben III GmbH & Co. KG";"ABR935335894171";"14.10.2024"
"SEE936490147744";"KL 10";"In Betrieb";"9.8.2006";"20.3.2020";"Wind";"2000";"2000";"99955";"Kutzleben";"Windkraft Kutzleben III GmbH & Co. KG";"ABR935335894171";"14.10.2024"
"SEE919810027292";"70245";"In Betrieb";"12.12.2001";"19.3.2020";"Wind";"1500";"1500";"99947";"Bad Langensalza";"Alterric Windpark GmbH & Co. Wiegleben KG";"ABR935049326494";"19.3.2026"
"SEE933873061482";"70246";"In Betrieb";"11.12.2001";"19.3.2020";"Wind";"1500";"1500";"99947";"Bad Langensalza";"Alterric Windpark GmbH & Co. Wiegleben KG";"ABR935049326494";"19.3.2026"
"SEE967650457922";"70247";"In Betrieb";"30.11.2001";"19.3.2020";"Wind";"1500";"1500";"99947";"Bad Langensalza";"Alterric Windpark GmbH & Co. Wiegleben KG";"ABR935049326494";"19.3.2026"
"SEE955525009895";"70248";"In Betrieb";"11.12.2001";"19.3.2020";"Wind";"1500";"1500";"99947";"Bad Langensalza";"Alterric Windpark GmbH & Co. Wiegleben KG";"ABR935049326494";"19.3.2026"
"SEE906010325600";"70249";"In Betrieb";"14.12.2001";"19.3.2020";"Wind";"1500";"1500";"99947";"Bad Langensalza";"Alterric Windpark GmbH & Co. Wiegleben KG";"ABR935049326494";"19.3.2026"
"SEE948329373378";"70250";"In Betrieb";"14.12.2001";"19.3.2020";"Wind";"1500";"1500";"99947";"Bad Langensalza";"Alterric Windpark GmbH & Co. Wiegleben KG";"ABR935049326494";"19.3.2026"
"SEE982974043057";"Wind Wipperdorf GmbH & Co. KG";"In Betrieb";"28.2.2017";"17.3.2020";"Wind";"2400";"2400";"99752";"Wipperdorf";"Wind Wipperdorf GmbH & Co. KG";"ABR904018814775";"10.5.2024"
"SEE929998812313";"Wind Wipperdorf GmbH & Co. KG";"In Betrieb";"8.3.2017";"17.3.2020";"Wind";"2400";"2400";"99752";"Bleicherode";"Wind Wipperdorf GmbH & Co. KG";"ABR904018814775";"26.7.2024"
"SEE926155341389";"Wind Wipperdorf GmbH & Co. KG";"In Betrieb";"4.5.2017";"17.3.2020";"Wind";"2400";"2400";"99752";"Wipperdorf";"Wind Wipperdorf GmbH & Co. KG";"ABR904018814775";"10.5.2024"
"SEE939999989914";"Wind Wipperdorf GmbH & Co. KG";"In Betrieb";"19.4.2017";"17.3.2020";"Wind";"2400";"2400";"99752";"Bleicherode";"Wind Wipperdorf GmbH & Co. KG";"ABR904018814775";"26.7.2024"
"SEE985603644700";"Wind Wipperdorf GmbH & Co. KG";"In Betrieb";"6.4.2017";"17.3.2020";"Wind";"2400";"2400";"99752";"Wipperdorf";"Wind Wipperdorf GmbH & Co. KG";"ABR904018814775";"10.5.2024"
"SEE941420104407";"Wind Wipperdorf GmbH & Co. KG";"In Betrieb";"23.3.2017";"17.3.2020";"Wind";"2400";"2400";"99752";"Wipperdorf";"Wind Wipperdorf GmbH & Co. KG";"ABR904018814775";"10.5.2024"
"SEE943908900914";"Planet energy Windpark Wundersleben GmbH & Co. KG - WEA 6";"In Betrieb";"25.3.2011";"13.3.2020";"Wind";"2000";"2000";"99610";"Wundersleben";"Planet energy Windpark Wundersleben GmbH & Co. KG";"ABR982848485303";"4.2.2025"
"SEE989490254028";"Planet energy Windpark Wundersleben GmbH & Co. KG - WEA 3";"In Betrieb";"29.3.2011";"13.3.2020";"Wind";"2000";"2000";"99610";"Wundersleben";"Planet energy Windpark Wundersleben GmbH & Co. KG";"ABR982848485303";"4.2.2025"
"SEE920447662749";"Planet energy Windpark Wundersleben GmbH & Co. KG - WEA 4";"In Betrieb";"23.3.2011";"13.3.2020";"Wind";"2000";"2000";"99610";"Wundersleben";"Planet energy Windpark Wundersleben GmbH & Co. KG";"ABR982848485303";"4.2.2025"
"SEE996057218508";"WEA Ringleben";"In Betrieb";"11.9.1997";"6.3.2020";"Wind";"500";"500";"99189";"Ringleben";"OMD Wind GmbH";"ABR995252984232";"31.12.2021"
"SEE976159263750";"NK20";"In Betrieb";"14.2.2020";"4.3.2020";"Wind";"4200";"4200";"99817";"Eisenach";"Windkraft Neukirchen GmbH & Co. KG";"ABR934912635152";"18.6.2026"
"SEE986870320830";"1380065";"In Betrieb";"14.2.2020";"17.2.2020";"Wind";"3500";"3500";"99735";"Kleinfurra";"Windpark GmbH & Co. Nentzelsrode KG";"ABR984273646076";"18.12.2024"
"SEE944262903375";"WKA Heukewalde";"In Betrieb";"4.10.1995";"7.2.2020";"Wind";"600";"600";"04626";"Heukewalde";"Agrargenossenschaft Thonhausen eG";"ABR949252906190";"3.11.2021"
"SEE927344037878";"66069";"In Betrieb";"3.6.1998";"6.2.2020";"Wind";"1500";"1500";"99735";"Kleinfurra";"Alterric Windpark GmbH & Co. Nordhausen KG";"ABR953580296557";"22.2.2022"
"SEE998391314731";"66070";"In Betrieb";"16.9.1998";"6.2.2020";"Wind";"1500";"1500";"99735";"Kleinfurra";"Alterric Windpark GmbH & Co. Nordhausen KG";"ABR953580296557";"1.7.2022"
"SEE975148645423";"66071";"In Betrieb";"22.9.1998";"6.2.2020";"Wind";"1500";"1500";"99735";"Kleinfurra";"Alterric Windpark GmbH & Co. Nordhausen KG";"ABR953580296557";"1.7.2022"
"SEE969460172118";"66072";"Endgültig stillgelegt";"6.1.1999";"6.2.2020";"Wind";"1500";"1500";"99735";"Kleinfurra";"(natürliche Person)";"";"7.7.2025"
"SEE967057072582";"66073";"Endgültig stillgelegt";"13.1.1999";"6.2.2020";"Wind";"1500";"1500";"99735";"Kleinfurra";"(natürliche Person)";"";"7.7.2025"
"SEE903350667636";"Mihla";"In Betrieb";"29.6.2016";"3.2.2020";"Wind";"2500";"2500";"99817";"Eisenach";"Burg Lichtenfels Energie GmbH & Co. KG";"ABR986261780649";"18.6.2026"
"SEE962756030390";"Windkraft Nickelsdorf";"In Betrieb";"27.4.1997";"2.2.2020";"Wind";"600";"600";"07613";"Crossen";"(natürliche Person)";"ABR956042087793";"16.5.2020"
"SEE903330122070";"V 18816-07";"In Betrieb";"29.7.2004";"24.1.2020";"Wind";"2000";"2000";"99718";"Großenehrich";"Windpark Großenehrich GmbH & Co. KG Renditefonds";"ABR923644060912";"16.8.2024"
"SEE946873531695";"V 18817-08";"In Betrieb";"29.7.2004";"24.1.2020";"Wind";"2000";"2000";"99718";"Großenehrich";"Windpark Großenehrich GmbH & Co. KG Renditefonds";"ABR923644060912";"16.8.2024"
"SEE933871857070";"V 18818-09";"In Betrieb";"29.7.2004";"24.1.2020";"Wind";"2000";"2000";"99718";"Großenehrich";"Windpark Großenehrich GmbH & Co. KG Renditefonds";"ABR923644060912";"16.8.2024"
"SEE959241079682";"V 18819-10";"In Betrieb";"29.7.2004";"24.1.2020";"Wind";"2000";"2000";"99718";"Großenehrich";"Windpark Großenehrich GmbH & Co. KG Renditefonds";"ABR923644060912";"16.8.2024"
"SEE974083396469";"V 18820-11";"In Betrieb";"29.7.2004";"24.1.2020";"Wind";"2000";"2000";"99718";"Großenehrich";"Windpark Großenehrich GmbH & Co. KG Renditefonds";"ABR923644060912";"16.8.2024"
"SEE910759797291";"V 18812-03";"In Betrieb";"29.7.2004";"22.1.2020";"Wind";"2000";"2000";"99718";"Großenehrich";"Windpark Großenehrich GmbH & Co. KG Renditefonds";"ABR923644060912";"16.8.2024"
"SEE908455592951";"V 18813-04";"In Betrieb";"29.7.2004";"22.1.2020";"Wind";"2000";"2000";"99718";"Großenehrich";"Windpark Großenehrich GmbH & Co. KG Renditefonds";"ABR923644060912";"16.8.2024"
"SEE973612334361";"V 18814-05";"In Betrieb";"29.7.2004";"22.1.2020";"Wind";"2000";"2000";"99718";"Großenehrich";"Windpark Großenehrich GmbH & Co. KG Renditefonds";"ABR923644060912";"16.8.2024"
"SEE968258840437";"V 18815-06";"In Betrieb";"29.7.2004";"22.1.2020";"Wind";"2000";"2000";"99718";"Großenehrich";"Windpark Großenehrich GmbH & Co. KG Renditefonds";"ABR923644060912";"16.8.2024"
"SEE904935768465";"62";"Endgültig stillgelegt";"15.6.2001";"21.1.2020";"Wind";"850";"850";"07774";"Frauenprießnitz";"(natürliche Person)";"";"15.3.2023"
"SEE951230603441";"63";"Endgültig stillgelegt";"15.6.2001";"21.1.2020";"Wind";"850";"850";"07774";"Frauenprießnitz";"(natürliche Person)";"";"22.6.2023"
"SEE953392967591";"V 18811-02";"In Betrieb";"29.7.2004";"14.1.2020";"Wind";"2000";"2000";"99718";"Großenehrich";"Windpark Großenehrich GmbH & Co. KG Renditefonds";"ABR923644060912";"16.8.2024"
"SEE906978760482";"V 18810-01";"In Betrieb";"29.7.2004";"13.1.2020";"Wind";"2000";"2000";"99718";"Großenehrich";"Windpark Großenehrich GmbH & Co. KG Renditefonds";"ABR923644060912";"16.8.2024"
"SEE942162993533";"HL06";"In Betrieb";"5.3.2004";"8.1.2020";"Wind";"2000";"2000";"99955";"Herbsleben";"BOREAS Energie GmbH";"ABR909054335185";"17.2.2026"
"SEE968761739150";"Martinroda 2";"In Betrieb";"14.4.1998";"8.1.2020";"Wind";"600";"600";"36404";"Vacha";"DD-Windservice GmbH";"ABR902929026270";"2.9.2026"
"SEE927831825643";"Martinroda 3";"In Betrieb";"8.3.2001";"8.1.2020";"Wind";"750";"750";"36404";"Vacha";"DD-Windservice GmbH";"ABR902929026270";"2.9.2026"
"SEE942824132614";"NK 19";"In Betrieb";"13.12.2019";"7.1.2020";"Wind";"4200";"4200";"99817";"Eisenach";"Windpark Mihla GmbH & Co. KG";"ABR909861946246";"26.8.2026"
"SEE913297009611";"Martinroda 1";"In Betrieb";"14.4.1998";"7.1.2020";"Wind";"600";"600";"36404";"Vacha";"DD-Windservice GmbH";"ABR902929026270";"2.9.2026"
"SEE974850516663";"UET 01";"In Betrieb";"21.12.2019";"27.12.2019";"Wind";"4200";"4200";"99819";"Krauthausen";"GSW Windmühle Ütteroda 01 GmbH & Co. KG";"ABR910173784532";"22.1.2025"
"SEE957599775348";"V229950 - WEA4";"In Betrieb";"20.12.2019";"23.12.2019";"Wind";"3450";"3450";"98660";"St. Bernhard";"Bürgerenergie Windpark auf der Galgenhöh GmbH& Co. KG";"ABR929250151532";"11.11.2024"
"SEE981400410357";"V229949 - WEA3";"In Betrieb";"20.12.2019";"23.12.2019";"Wind";"3600";"3600";"98660";"St. Bernhard";"Bürgerenergie Windpark auf der Galgenhöh GmbH& Co. KG";"ABR929250151532";"11.11.2024"
"SEE921295188511";"V229948 - WEA2";"In Betrieb";"20.12.2019";"23.12.2019";"Wind";"3450";"3450";"98660";"St. Bernhard";"Bürgerenergie Windpark auf der Galgenhöh GmbH& Co. KG";"ABR929250151532";"11.11.2024"
"SEE922560341853";"V229947 - WEA1";"In Betrieb";"20.12.2019";"23.12.2019";"Wind";"3450";"3450";"98660";"St. Bernhard";"Bürgerenergie Windpark auf der Galgenhöh GmbH& Co. KG";"ABR929250151532";"11.11.2024"
"SEE913733427948";"WEA Uthleben II 1150560";"In Betrieb";"30.3.2017";"16.12.2019";"Wind";"3000";"3000";"99765";"Uthleben";"Windpark Uthleben II GmbH & Co. KG";"ABR979277307245";"19.12.2024"
"SEE974096766150";"AN-1300-916-12";"In Betrieb";"23.10.2003";"10.12.2019";"Wind";"1300";"1300";"99518";"Bad Sulza";"Eckolstädt 12 ApS und Co. KG";"ABR935264492769";"13.10.2025"
"SEE963369644523";"WKA Gera-Cretzschwitz";"In Betrieb";"15.10.2015";"9.12.2019";"Wind";"2350";"2350";"07554";"Gera";"G-Wind GmbH & Co. KG";"ABR998647570386";"25.11.2024"
"SEE958341667485";"Voigtstedt 02";"In Betrieb";"15.2.2007";"6.12.2019";"Wind";"2000";"2000";"06556";"Artern";"GSW Windmühlen Fonds 2006 GmbH & Co. KG";"ABR954393025891";"22.1.2025"
"SEE908547336128";"Voigtstedt 03";"In Betrieb";"8.2.2007";"6.12.2019";"Wind";"2000";"2000";"06556";"Artern";"GSW Windmühlen Fonds 2006 GmbH & Co. KG";"ABR954393025891";"22.1.2025"
"SEE919025549114";"Voigtstedt 04";"In Betrieb";"15.1.2007";"6.12.2019";"Wind";"800";"800";"06556";"Artern";"GSW Windmühlen Fonds 2006 GmbH & Co. KG";"ABR954393025891";"22.1.2025"
"SEE958085609987";"Voigtstedt 05";"In Betrieb";"30.12.2006";"6.12.2019";"Wind";"800";"800";"06556";"Artern";"GSW Windmühlen Fonds 2006 GmbH & Co. KG";"ABR954393025891";"22.1.2025"
"SEE966480480209";"KA 05";"In Betrieb";"14.11.2019";"2.12.2019";"Wind";"4200";"4200";"99713";"Helbedündorf";"Windkraft Keula GmbH & Co. KG";"ABR966684469673";"5.5.2026"
"SEE946981709153";"KA 07";"In Betrieb";"14.11.2019";"2.12.2019";"Wind";"4200";"4200";"99996";"Menteroda";"Windkraft Keula GmbH & Co. KG";"ABR966684469673";"5.5.2026"
"SEE939883023403";"KWEA NORD";"In Betrieb";"28.11.2019";"29.11.2019";"Wind";"10";"10";"07580";"Großenstein";"(natürliche Person)";"ABR987710959111";"29.2.2024"
"SEE931320028422";"KWEA SÜD";"In Betrieb";"28.11.2019";"29.11.2019";"Wind";"10";"10";"07580";"Großenstein";"(natürliche Person)";"ABR924379138822";"1.7.2025"
"SEE914683898352";"Windkraftanlage MS";"In Betrieb";"28.10.1999";"19.11.2019";"Wind";"600";"600";"99834";"Gerstungen";"Mack Grundstücksgesellschaft eGbR";"ABR977756015841";"2.12.2021"
"SEE953958791431";"E 822655-01";"In Betrieb";"3.12.2010";"14.11.2019";"Wind";"2300";"2300";"99706";"Sondershausen";"QE Portfolio 1 GmbH & Co. KG";"ABR946242075478";"10.12.2024"
"SEE972687248245";"E 822656-02";"In Betrieb";"19.11.2010";"14.11.2019";"Wind";"2300";"2300";"99706";"Sondershausen";"QE Portfolio 1 GmbH & Co. KG";"ABR946242075478";"10.12.2024"
"SEE912888190783";"E 822657-03";"In Betrieb";"19.11.2010";"14.11.2019";"Wind";"2300";"2300";"99706";"Sondershausen";"QE Portfolio 1 GmbH & Co. KG";"ABR946242075478";"10.12.2024"
"SEE955067764481";"E 531200-04";"In Betrieb";"21.12.2010";"13.11.2019";"Wind";"800";"800";"37308";"Geisleden";"QE Portfolio 4 GmbH & Co. KG";"ABR955888607479";"5.1.2022"
"SEE910021637065";"E 531201-05";"In Betrieb";"15.12.2010";"13.11.2019";"Wind";"800";"800";"37308";"Geisleden";"QE Portfolio 4 GmbH & Co. KG";"ABR955888607479";"5.5.2023"
"SEE909570044653";"E 531202-06";"In Betrieb";"16.12.2010";"13.11.2019";"Wind";"800";"800";"37308";"Geisleden";"QE Portfolio 4 GmbH & Co. KG";"ABR955888607479";"28.9.2021"
"SEE944812956660";"E 531203-07";"In Betrieb";"23.12.2010";"13.11.2019";"Wind";"800";"800";"37308";"Geisleden";"QE Portfolio 4 GmbH & Co. KG";"ABR955888607479";"5.5.2023"
"SEE958856189465";"E 531197-01";"In Betrieb";"9.12.2010";"11.11.2019";"Wind";"800";"800";"37308";"Geisleden";"QE Portfolio 4 GmbH & Co. KG";"ABR955888607479";"1.9.2023"
"SEE938424911704";"E 531198-02";"In Betrieb";"9.12.2010";"11.11.2019";"Wind";"800";"800";"37308";"Geisleden";"QE Portfolio 4 GmbH & Co. KG";"ABR955888607479";"28.9.2021"
"SEE921557212022";"E 531199-03";"In Betrieb";"9.12.2010";"11.11.2019";"Wind";"800";"800";"37308";"Geisleden";"QE Portfolio 4 GmbH & Co. KG";"ABR955888607479";"5.5.2023"
"SEE914172972785";"WP Nitzschka  - AN Bonus 600";"In Betrieb";"22.10.1996";"11.11.2019";"Wind";"600";"600";"04626";"Schmölln";"(natürliche Person)";"ABR970125248413";"10.8.2026"
"SEE926259576908";"HL 05";"Endgültig stillgelegt";"13.6.2002";"10.10.2019";"Wind";"1500";"1500";"99955";"Herbsleben";"(natürliche Person)";"";"28.12.2022"
"SEE943028008996";"HL 01";"Endgültig stillgelegt";"18.6.2002";"10.10.2019";"Wind";"1500";"1500";"99955";"Herbsleben";"(natürliche Person)";"";"28.12.2022"
"SEE952880131773";"HL 02";"Endgültig stillgelegt";"24.5.2002";"10.10.2019";"Wind";"1500";"1500";"99955";"Herbsleben";"(natürliche Person)";"";"28.12.2022"
"SEE976623355288";"HL 03";"In Betrieb";"20.6.2002";"10.10.2019";"Wind";"1500";"1500";"99955";"Herbsleben";"BOREAS Energie GmbH";"ABR909054335185";"15.10.2024"
"SEE920806975060";"WP Holzthaleben WEA 01";"In Betrieb";"14.9.2016";"8.10.2019";"Wind";"2400";"2400";"99713";"Helbedündorf";"Holzthaleben Wind GmbH";"ABR970507861490";"3.12.2024"
"SEE978342109999";"WP Holzthaleben WEA 02";"In Betrieb";"14.9.2016";"8.10.2019";"Wind";"2400";"2400";"99713";"Helbedündorf";"Holzthaleben Wind GmbH";"ABR970507861490";"3.12.2024"
"SEE929986554683";"Mohlis WEA 01 neu";"In Betrieb";"29.8.2019";"23.9.2019";"Wind";"3600";"3600";"04626";"Drogen";"CEE Windpark Mohlis GmbH & Co. KG";"ABR979723000096";"17.9.2024"
"SEE958632594902";"Mohlis WEA 02 neu";"In Betrieb";"4.9.2019";"23.9.2019";"Wind";"3600";"3600";"04626";"Drogen";"CEE Windpark Mohlis GmbH & Co. KG";"ABR979723000096";"17.9.2024"
"SEE901559913165";"Mohlis WEA 04 neu";"In Betrieb";"19.9.2019";"23.9.2019";"Wind";"3600";"3600";"04626";"Schmölln";"CEE Windpark Mohlis GmbH & Co. KG";"ABR979723000096";"17.9.2024"
"SEE982163842638";"Mohlis WEA 05 neu";"In Betrieb";"13.9.2019";"23.9.2019";"Wind";"3600";"3600";"04626";"Schmölln";"CEE Windpark Mohlis GmbH & Co. KG";"ABR979723000096";"17.9.2024"
"SEE994075164180";"70835";"In Betrieb";"20.12.2002";"17.9.2019";"Wind";"1800";"1800";"07922";"Tanna";"Alterric Windpark GmbH & Co. Windnutzung II KG";"ABR949680981240";"13.12.2024"
"SEE977312353462";"70836";"In Betrieb";"12.12.2002";"17.9.2019";"Wind";"1800";"1800";"07922";"Tanna";"Alterric Windpark GmbH & Co. Windnutzung II KG";"ABR949680981240";"13.12.2024"
"SEE987379284074";"70837";"In Betrieb";"12.12.2002";"17.9.2019";"Wind";"1800";"1800";"07922";"Tanna";"Alterric Windpark GmbH & Co. Windnutzung II KG";"ABR949680981240";"13.12.2024"
"SEE999905659188";"70838";"In Betrieb";"17.12.2002";"17.9.2019";"Wind";"1800";"1800";"07922";"Tanna";"Alterric Windpark GmbH & Co. Windnutzung II KG";"ABR949680981240";"13.12.2024"
"SEE920573413918";"70839";"In Betrieb";"20.12.2002";"17.9.2019";"Wind";"1800";"1800";"07922";"Tanna";"Alterric Windpark GmbH & Co. Windnutzung II KG";"ABR949680981240";"13.12.2024"
"SEE960521988310";"E-822273";"In Betrieb";"31.12.2010";"16.9.2019";"Wind";"2000";"2000";"99947";"Bad Langensalza";"ET Energy Hochheim 1 GmbH & Co. KG";"ABR929099046075";"6.12.2024"
"SEE993379413826";"E-822274";"In Betrieb";"31.12.2010";"16.9.2019";"Wind";"2000";"2000";"99947";"Bad Langensalza";"ET Energy Hochheim 1 GmbH & Co. KG";"ABR929099046075";"6.12.2024"
"SEE981907909286";"E-822275";"In Betrieb";"31.12.2010";"16.9.2019";"Wind";"2000";"2000";"99947";"Bad Langensalza";"ET Energy Hochheim 1 GmbH & Co. KG";"ABR929099046075";"6.12.2024"
"SEE976916939256";"E 825789-01";"In Betrieb";"5.8.2014";"11.9.2019";"Wind";"2300";"2300";"99735";"Hainrode";"Windpark Nentzelsrode GmbH & Co. KG";"ABR983789704300";"19.11.2024"
"SEE921790885335";"E 825790-02";"In Betrieb";"8.8.2014";"11.9.2019";"Wind";"2300";"2300";"99735";"Hainrode";"Windpark Nentzelsrode GmbH & Co. KG";"ABR983789704300";"19.11.2024"
"SEE970824885261";"701260";"In Betrieb";"22.9.2003";"5.9.2019";"Wind";"1800";"1800";"37359";"Büttstedt";"GERES EnergieSysteme GmbH";"ABR965463074305";"17.11.2022"
"SEE954672202425";"701261";"In Betrieb";"22.9.2003";"5.9.2019";"Wind";"1800";"1800";"37359";"Büttstedt";"GERES EnergieSysteme GmbH";"ABR965463074305";"17.11.2022"
"SEE910795074578";"701262";"In Betrieb";"4.9.2003";"5.9.2019";"Wind";"1800";"1800";"37359";"Büttstedt";"GERES EnergieSysteme GmbH";"ABR965463074305";"17.11.2022"
"SEE918667992517";"701263";"In Betrieb";"8.9.2003";"5.9.2019";"Wind";"1800";"1800";"37359";"Büttstedt";"GERES EnergieSysteme GmbH";"ABR965463074305";"28.12.2022"
"SEE978359275175";"701264";"In Betrieb";"4.9.2003";"5.9.2019";"Wind";"1800";"1800";"37359";"Büttstedt";"GERES EnergieSysteme GmbH";"ABR965463074305";"17.6.2024"
"SEE925301590923";"701266";"In Betrieb";"25.8.2003";"5.9.2019";"Wind";"1800";"1800";"37359";"Büttstedt";"GERES EnergieSysteme GmbH";"ABR965463074305";"28.12.2022"
"SEE995307280661";"701268";"In Betrieb";"13.8.2003";"5.9.2019";"Wind";"1800";"1800";"37359";"Büttstedt";"GERES EnergieSysteme GmbH";"ABR965463074305";"18.11.2022"
"SEE940069753984";"701270";"In Betrieb";"18.8.2003";"5.9.2019";"Wind";"1800";"1800";"37359";"Büttstedt";"GERES EnergieSysteme GmbH";"ABR965463074305";"17.11.2022"
"SEE972028100768";"701271";"In Betrieb";"11.8.2003";"5.9.2019";"Wind";"1800";"1800";"37359";"Büttstedt";"GERES EnergieSysteme GmbH";"ABR965463074305";"17.11.2022"
"SEE980749981962";"701276";"In Betrieb";"22.9.2003";"5.9.2019";"Wind";"1800";"1800";"99976";"Anrode";"GERES EnergieSysteme GmbH";"ABR965463074305";"17.11.2022"
"SEE994697188373";"701277";"In Betrieb";"22.9.2003";"5.9.2019";"Wind";"1800";"1800";"99976";"Rodeberg";"GERES EnergieSysteme GmbH";"ABR965463074305";"17.6.2024"
"SEE944547863301";"702149";"In Betrieb";"30.10.2004";"5.9.2019";"Wind";"1800";"1800";"99976";"Anrode";"GERES EnergieSysteme GmbH";"ABR965463074305";"17.11.2022"
"SEE995254866697";"70834";"In Betrieb";"22.10.2002";"5.9.2019";"Wind";"1800";"1800";"07922";"Tanna";"GERESGmbH&Co. Energie ZWEI KG";"ABR976761538833";"28.12.2022"
"SEE997358878040";"702176";"In Betrieb";"26.11.2004";"5.9.2019";"Wind";"2000";"2000";"07922";"Tanna";"GERESGmbH&Co. Energie ZWEI KG";"ABR976761538833";"28.12.2022"
"SEE953917496117";"782535";"In Betrieb";"25.6.2009";"5.9.2019";"Wind";"2300";"2300";"07922";"Tanna";"GERESGmbH&Co. Energie ZWEI KG";"ABR976761538833";"28.12.2022"
"SEE973139661353";"WEA 4";"In Betrieb";"3.9.2019";"4.9.2019";"Wind";"4500";"4500";"99752";"Bleicherode";"VSB Windpark Pustleben";"ABR933749965784";"8.10.2024"
"SEE929035357067";"WEA Kirchheilingen KH51";"In Betrieb";"30.12.2012";"30.8.2019";"Wind";"3075";"3075";"99947";"Kirchheilingen";"envia THERM GmbH";"ABR987228640990";"22.10.2024"
"SEE913222932618";"WEA Kirchheilingen KH52";"In Betrieb";"10.1.2013";"30.8.2019";"Wind";"3075";"3075";"99947";"Kirchheilingen";"envia THERM GmbH";"ABR987228640990";"22.10.2024"
"SEE979225359753";"WEA Kirchheilingen KH55";"In Betrieb";"15.5.2014";"29.8.2019";"Wind";"3075";"3075";"99947";"Kirchheilingen";"envia THERM GmbH";"ABR987228640990";"22.10.2024"
"SEE969894933316";"E 825661-01";"In Betrieb";"31.7.2014";"28.8.2019";"Wind";"2300";"2300";"07407";"Rudolstadt";"Windpark Treppendorf GmbH & Co. KG";"ABR906011925847";"4.8.2025"
"SEE904592897348";"E 825662-03";"In Betrieb";"28.7.2014";"28.8.2019";"Wind";"2300";"2300";"07407";"Rudolstadt";"Windpark Treppendorf GmbH & Co. KG";"ABR906011925847";"20.11.2024"
"SEE968113143932";"WKA Korbußen";"In Betrieb";"26.10.2001";"23.8.2019";"Wind";"850";"850";"07554";"Korbußen";"ZOPF Windfang GmbH";"ABR974422971418";"1.9.2022"
"SEE966760706418";"WEA Weimar 01";"Endgültig stillgelegt";"29.8.2002";"20.8.2019";"Wind";"1500";"1500";"07751";"Bucha";"(natürliche Person)";"";"27.5.2024"
"SEE908391312767";"WEA Weimar 02";"Endgültig stillgelegt";"10.7.2002";"20.8.2019";"Wind";"1500";"1500";"07751";"Bucha";"(natürliche Person)";"";"27.5.2024"
"SEE975106718619";"WEA Weimar 03";"Endgültig stillgelegt";"17.7.2002";"20.8.2019";"Wind";"1500";"1500";"07751";"Bucha";"(natürliche Person)";"";"27.5.2024"
"SEE985092225107";"WEA Weimar 04";"Endgültig stillgelegt";"6.8.2002";"20.8.2019";"Wind";"1500";"1500";"07751";"Bucha";"(natürliche Person)";"";"27.5.2024"
"SEE949719102493";"WEA Weimar 05";"Endgültig stillgelegt";"23.8.2002";"20.8.2019";"Wind";"1500";"1500";"07751";"Bucha";"(natürliche Person)";"";"27.5.2024"
"SEE916480462903";"WEA Weimar 06 (70129)";"In Betrieb";"17.7.2002";"20.8.2019";"Wind";"1500";"1500";"07751";"Bucha";"Windfarm Weimar GmbH & Co. KG";"ABR997461667609";"7.2.2025"
"SEE950543285375";"WEA Weimar 08 (70131)";"In Betrieb";"10.7.2002";"20.8.2019";"Wind";"1500";"1500";"07751";"Bucha";"Windfarm Weimar GmbH & Co. KG";"ABR997461667609";"7.2.2025"
"SEE913448466614";"WEA Weimar 11";"Endgültig stillgelegt";"29.8.2002";"20.8.2019";"Wind";"1500";"1500";"07751";"Bucha";"(natürliche Person)";"";"27.5.2024"
"SEE958416329560";"WEA 1 GA7595 (ROL13)";"In Betrieb";"28.12.2005";"19.8.2019";"Wind";"2000";"2000";"99636";"Rastenberg";"BOREAS Energie GmbH";"ABR909054335185";"26.10.2022"
"SEE999288281976";"WEA 2 ROL12 (GA7593)";"Endgültig stillgelegt";"29.12.2005";"19.8.2019";"Wind";"2000";"2000";"99636";"Rastenberg";"(natürliche Person)";"";"1.12.2022"
"SEE916060574552";"WEA 3 GA7592 (ROL11)";"In Betrieb";"23.12.2005";"19.8.2019";"Wind";"2000";"2000";"99636";"Rastenberg";"BOREAS Energie GmbH";"ABR909054335185";"15.7.2025"
"SEE915380870504";"WEA 4 ROL09 (GA7594)";"Endgültig stillgelegt";"28.12.2005";"19.8.2019";"Wind";"2000";"2000";"99636";"Rastenberg";"(natürliche Person)";"";"1.12.2022"
"SEE973043672889";"WEA 5 GA8997 (ROL08)";"In Betrieb";"31.12.2006";"19.8.2019";"Wind";"2000";"2000";"99636";"Rastenberg";"BOREAS Energie GmbH";"ABR909054335185";"6.9.2022"
"SEE905319535277";"WEA 6 ROL10 (GA8998)";"Endgültig stillgelegt";"4.2.2007";"19.8.2019";"Wind";"2000";"2000";"99636";"Rastenberg";"(natürliche Person)";"";"1.12.2022"
"SEE920915877408";"Gebersreuth 01";"In Betrieb";"25.4.2017";"15.8.2019";"Wind";"3000";"3000";"07926";"Gefell";"Trianel Windpark Gebersreuth GmbH & Co. KG";"ABR999022537727";"3.9.2024"
"SEE952061791772";"Gebersreuth 02";"In Betrieb";"27.4.2017";"15.8.2019";"Wind";"3000";"3000";"07926";"Gefell";"Trianel Windpark Gebersreuth GmbH & Co. KG";"ABR999022537727";"3.9.2024"
"SEE911469197692";"Gebersreuth 03";"In Betrieb";"29.5.2017";"15.8.2019";"Wind";"3000";"3000";"07926";"Gefell";"Trianel Windpark Gebersreuth GmbH & Co. KG";"ABR999022537727";"3.9.2024"
"SEE990059268615";"Gebersreuth 04";"In Betrieb";"19.5.2017";"15.8.2019";"Wind";"3000";"3000";"07926";"Gefell";"Trianel Windpark Gebersreuth GmbH & Co. KG";"ABR999022537727";"3.9.2024"
"SEE919733495598";"Gebersreuth 05";"In Betrieb";"24.5.2017";"15.8.2019";"Wind";"3000";"3000";"07926";"Gefell";"Trianel Windpark Gebersreuth GmbH & Co. KG";"ABR999022537727";"3.9.2024"
"SEE902825160917";"Gebersreuth 06";"In Betrieb";"30.6.2017";"15.8.2019";"Wind";"3000";"3000";"07926";"Gefell";"Trianel Windpark Gebersreuth GmbH & Co. KG";"ABR999022537727";"3.9.2024"
"SEE985308951769";"Gebersreuth 07";"In Betrieb";"31.5.2017";"15.8.2019";"Wind";"3000";"3000";"07926";"Gefell";"Trianel Windpark Gebersreuth GmbH & Co. KG";"ABR999022537727";"3.9.2024"
"SEE915352327036";"Gebersreuth 08";"In Betrieb";"7.7.2017";"15.8.2019";"Wind";"3000";"3000";"07926";"Gefell";"Trianel Windpark Gebersreuth GmbH & Co. KG";"ABR999022537727";"3.9.2024"
"SEE946306871930";"WP Gebstedt WEA 04";"In Planung";"";"8.8.2019";"Wind";"4380";"4380";"99510";"Ilmtal-Weinstraße";"Windpark Gebstedt GmbH & Co. KG";"ABR920928815862";"4.9.2025"
"SEE984550711183";"KH 58";"In Betrieb";"11.4.2018";"31.7.2019";"Wind";"3450";"3450";"99947";"Kirchheilingen";"Windfeld Thüringer Becken KH 56.1 GmbH & Co. KG";"ABR932843902374";"14.10.2024"
"SEE978607615074";"NK 13";"In Betrieb";"13.6.2018";"30.7.2019";"Wind";"3450";"3450";"99817";"Eisenach";"GSW Energiepark 2020 GmbH & Co. KG";"ABR913851569476";"18.6.2026"
"SEE989332025397";"NK 15";"In Betrieb";"13.6.2018";"30.7.2019";"Wind";"3450";"3450";"99817";"Eisenach";"Windkraft Neukirchen GmbH & Co. KG";"ABR934912635152";"18.6.2026"
"SEE918725654753";"OL 22";"In Betrieb";"30.8.2017";"30.7.2019";"Wind";"3300";"3300";"99628";"Buttstädt";"Windkraft Ostramondra GmbH & Co. KG";"ABR961495661674";"20.12.2024"
"SEE998075875947";"OM 06";"In Betrieb";"30.8.2017";"30.7.2019";"Wind";"3300";"3300";"99636";"Ostramondra";"Windkraft Ostramondra GmbH & Co. KG";"ABR961495661674";"20.12.2024"
"SEE999489796989";"OM 07";"In Betrieb";"30.8.2017";"30.7.2019";"Wind";"3300";"3300";"99636";"Ostramondra";"Windkraft Ostramondra GmbH & Co. KG";"ABR961495661674";"20.12.2024"
"SEE924830602046";"OM 08";"In Betrieb";"30.8.2017";"30.7.2019";"Wind";"3300";"3300";"99636";"Ostramondra";"Windkraft Ostramondra GmbH & Co. KG";"ABR961495661674";"20.12.2024"
"SEE921022780728";"Fri 91";"In Betrieb";"18.7.2001";"26.7.2019";"Wind";"850";"850";"07774";"Frauenprießnitz";"NaturEnergy GmbH & Co. KGaA";"ABR989783400101";"24.11.2022"
"SEE992470029967";"Fri93";"In Betrieb";"15.6.2001";"26.7.2019";"Wind";"850";"850";"07774";"Frauenprießnitz";"NaturEnergy GmbH & Co. KGaA";"ABR989783400101";"24.11.2022"
"SEE999328331654";"NK 12";"In Betrieb";"22.6.2018";"25.7.2019";"Wind";"3450";"3450";"99817";"Eisenach";"Windkraft Neukirchen GmbH & Co. KG";"ABR934912635152";"18.6.2026"
"SEE980470635233";"NK 17";"In Betrieb";"28.6.2018";"25.7.2019";"Wind";"3450";"3450";"99817";"Eisenach";"Windkraft Neukirchen GmbH & Co. KG";"ABR934912635152";"18.6.2026"
"SEE925858515172";"WEA 27-1";"In Betrieb";"28.1.2014";"24.7.2019";"Wind";"2400";"2400";"07774";"Thierschneck";"meridian Windpark Wetzdorf GmbH & Co.KG";"ABR995439953730";"20.12.2024"
"SEE991834396172";"NK 16";"In Betrieb";"29.6.2018";"24.7.2019";"Wind";"3450";"3450";"99817";"Eisenach";"Windkraft Neukirchen 16 GmbH & Co.KG";"ABR925411128467";"18.6.2026"
"SEE961073015882";"Tüngeda 01";"In Betrieb";"30.12.2015";"24.7.2019";"Wind";"3300";"3300";"99820";"Hörselberg-Hainich";"GSW Windpark Uckermark GmbH & Co. KG";"ABR984298106265";"25.2.2026"
"SEE984811393813";"Olbersleben 13.1";"In Betrieb";"8.5.2014";"24.7.2019";"Wind";"3075";"3075";"99628";"Olbersleben";"GSW Windmühle Olbersleben 13 GmbH & Co. KG";"ABR987313487714";"22.1.2025"
"SEE936737651331";"WEA 28-2";"In Betrieb";"21.12.2013";"24.7.2019";"Wind";"2400";"2400";"07619";"Schkölen";"meridian Windpark Wetzdorf GmbH & Co.KG";"ABR995439953730";"20.12.2024"
"SEE999124324874";"WEA 29-3";"In Betrieb";"11.12.2013";"24.7.2019";"Wind";"2400";"2400";"07619";"Schkölen";"meridian Windpark Wetzdorf GmbH & Co.KG";"ABR995439953730";"20.12.2024"
"SEE988351713360";"WEA30-4";"In Betrieb";"18.12.2013";"24.7.2019";"Wind";"2400";"2400";"07619";"Schkölen";"meridian Windpark Wetzdorf GmbH & Co.KG";"ABR995439953730";"20.12.2024"
"SEE954175892062";"WEA 31-5";"In Betrieb";"27.11.2013";"24.7.2019";"Wind";"2400";"2400";"07619";"Schkölen";"meridian Windpark Wetzdorf GmbH & Co.KG";"ABR995439953730";"20.12.2024"
"SEE974899779340";"WEA 32-6";"In Betrieb";"22.11.2013";"24.7.2019";"Wind";"2400";"2400";"07619";"Schkölen";"meridian Windpark Wetzdorf GmbH & Co.KG";"ABR995439953730";"20.12.2024"
"SEE952502595686";"WEA 33-7";"In Betrieb";"7.11.2013";"24.7.2019";"Wind";"2400";"2400";"07619";"Schkölen";"meridian Windpark Wetzdorf GmbH & Co.KG";"ABR995439953730";"20.12.2024"
"SEE919805753984";"WEA 34-8";"In Betrieb";"28.11.2013";"24.7.2019";"Wind";"2400";"2400";"07619";"Schkölen";"meridian Windpark Wetzdorf GmbH & Co.KG";"ABR995439953730";"20.12.2024"
"SEE998243517976";"WEA 35-9";"In Betrieb";"24.6.2016";"24.7.2019";"Wind";"2400";"2400";"07619";"Schkölen";"meridian Windpark Wetzdorf II GmbH & Co. KG";"ABR907321922762";"20.12.2024"
"SEE944716399662";"WEA 36-10";"In Betrieb";"28.6.2016";"24.7.2019";"Wind";"2400";"2400";"07619";"Schkölen";"meridian Windpark Wetzdorf II GmbH & Co. KG";"ABR907321922762";"20.12.2024"
"SEE922421319090";"WEA 4";"In Betrieb";"21.3.2011";"23.7.2019";"Wind";"2050";"2050";"07616";"Rauschwitz";"meridian Windpark Rauschwitz II GmbH & Co.KG";"ABR969239595230";"20.12.2024"
"SEE979291815917";"VB 05";"In Betrieb";"29.12.2017";"23.7.2019";"Wind";"3300";"3300";"99610";"Sprötau";"Windkraft Vogelsberg GmbH & Co. KG";"ABR903991767658";"14.10.2024"
"SEE977323229060";"VB 06";"In Betrieb";"29.9.2017";"23.7.2019";"Wind";"3300";"3300";"99610";"Sprötau";"Windkraft Vogelsberg GmbH & Co. KG";"ABR903991767658";"14.10.2024"
"SEE997198845530";"VB 07";"In Betrieb";"7.12.2017";"23.7.2019";"Wind";"3450";"3450";"99610";"Sprötau";"Windkraft Vogelsberg GmbH & Co. KG";"ABR903991767658";"14.10.2024"
"SEE959782368078";"VB 08";"In Betrieb";"24.12.2017";"23.7.2019";"Wind";"3450";"3450";"99610";"Sprötau";"Windkraft Vogelsberg GmbH & Co. KG";"ABR903991767658";"14.10.2024"
"SEE939064048898";"WEA 5";"In Betrieb";"23.3.2011";"23.7.2019";"Wind";"2050";"2050";"07616";"Rauschwitz";"meridian Windpark Rauschwitz II GmbH & Co.KG";"ABR969239595230";"20.12.2024"
"SEE995437997569";"HH 53";"In Betrieb";"6.2.2014";"23.7.2019";"Wind";"2400";"2400";"99869";"Nessetal";"Windkraft Hochheim II GmbH & Co. KG";"ABR978598361394";"16.1.2025"
"SEE966061772501";"WEA 3";"In Betrieb";"30.12.2015";"22.7.2019";"Wind";"3450";"3450";"99820";"Hörselberg-Hainich";"meridian Windpark Tüngeda GmbH & Co. KG";"ABR908303488498";"20.12.2024"
"SEE961498762248";"WEA 6";"In Betrieb";"30.12.2015";"22.7.2019";"Wind";"3450";"3450";"99820";"Hörselberg-Hainich";"meridian Windpark Tüngeda GmbH & Co. KG";"ABR908303488498";"20.12.2024"
"SEE956855085948";"WEA 5";"In Betrieb";"29.7.2013";"22.7.2019";"Wind";"2500";"2500";"07619";"Schkölen";"meridian Windpark Lindau GmbH & Co.KG";"ABR978319184271";"20.12.2024"
"SEE942898072717";"WEA 6";"In Betrieb";"2.8.2013";"22.7.2019";"Wind";"2500";"2500";"07619";"Schkölen";"meridian Windpark Lindau GmbH & Co.KG";"ABR978319184271";"20.12.2024"
"SEE930812331668";"WEA 10";"In Betrieb";"12.8.2013";"22.7.2019";"Wind";"2500";"2500";"07613";"Heideland";"meridian Windpark Lindau GmbH & Co.KG";"ABR978319184271";"20.12.2024"
"SEE971895762925";"WEA 8";"In Betrieb";"30.8.2013";"22.7.2019";"Wind";"2500";"2500";"07619";"Schkölen";"meridian Windpark Lindau GmbH & Co.KG";"ABR978319184271";"20.12.2024"
"SEE915649714440";"WEA 9";"In Betrieb";"29.8.2013";"22.7.2019";"Wind";"2500";"2500";"07613";"Heideland";"meridian Windpark Lindau GmbH & Co.KG";"ABR978319184271";"20.12.2024"
"SEE959986860507";"WEA 7";"In Betrieb";"21.8.2013";"22.7.2019";"Wind";"2500";"2500";"07613";"Heideland";"meridian Windpark Lindau GmbH & Co.KG";"ABR978319184271";"20.12.2024"
"SEE928493540806";"VB 01";"In Betrieb";"29.9.2017";"22.7.2019";"Wind";"3300";"3300";"99610";"Sprötau";"Windkraft Vogelsberg GmbH & Co. KG";"ABR903991767658";"14.10.2024"
"SEE980002671784";"VB 02";"In Betrieb";"10.2.2018";"22.7.2019";"Wind";"3300";"3300";"99610";"Sprötau";"Windkraft Vogelsberg GmbH & Co. KG";"ABR903991767658";"14.10.2024"
"SEE929587219554";"VB 03";"In Betrieb";"22.1.2018";"22.7.2019";"Wind";"3300";"3300";"99610";"Sprötau";"Windkraft Vogelsberg GmbH & Co. KG";"ABR903991767658";"14.10.2024"
"SEE912252827093";"VB 04";"In Betrieb";"29.9.2017";"22.7.2019";"Wind";"3300";"3300";"99610";"Sprötau";"Windkraft Vogelsberg GmbH & Co. KG";"ABR903991767658";"14.10.2024"
"SEE949504416637";"NK 14";"In Betrieb";"22.6.2018";"19.7.2019";"Wind";"3450";"3450";"99817";"Eisenach";"GSW Windmühle Neukirchen 14 GmbH & Co. KG";"ABR913461646932";"18.6.2026"
"SEE943589532862";"HH 05";"Endgültig stillgelegt";"1.2.2000";"17.7.2019";"Wind";"1500";"1500";"99869";"Nessetal";"(natürliche Person)";"";"23.2.2023"
"SEE915158008337";"822847";"In Betrieb";"23.11.2010";"17.7.2019";"Wind";"2000";"2000";"99734";"Nordhausen";"M.P. Strom GmbH & Co. KG";"ABR970767362058";"29.4.2021"
"SEE987567116224";"301422";"In Betrieb";"8.12.2017";"17.7.2019";"Wind";"3370";"3370";"99765";"Uthleben";"M.P. Strom GmbH & Co. KG";"ABR970767362058";"24.3.2021"
"SEE997141737844";"HH 06";"Endgültig stillgelegt";"3.2.2000";"17.7.2019";"Wind";"1500";"1500";"99869";"Hochheim";"(natürliche Person)";"";"21.4.2021"
"SEE901562467365";"WEA441261";"In Betrieb";"25.7.2002";"16.7.2019";"Wind";"600";"600";"99706";"Sondershausen";"Windkraft Hainleite GmbH & Co.kG";"ABR982819920451";"30.3.2023"
"SEE947182149519";"WEA70726";"In Betrieb";"25.7.2002";"16.7.2019";"Wind";"1800";"1800";"99706";"Sondershausen";"Windkraft Hainleite GmbH & Co.kG";"ABR982819920451";"21.10.2022"
"SEE932127330527";"WEA825845";"In Betrieb";"17.9.2014";"12.7.2019";"Wind";"2300";"2300";"99706";"Sondershausen";"Windkraft Hainleite GmbH & Co.kG";"ABR982819920451";"9.6.2021"
"SEE988221566041";"WEA825846";"In Betrieb";"17.9.2014";"12.7.2019";"Wind";"2300";"2300";"99706";"Sondershausen";"Windkraft Hainleite GmbH & Co.kG";"ABR982819920451";"9.6.2021"
"SEE974257978170";"WEA825842";"In Betrieb";"26.9.2014";"10.7.2019";"Wind";"2300";"2300";"99706";"Sondershausen";"Windkraft Hainleite GmbH & Co.kG";"ABR982819920451";"9.6.2021"
"SEE952335918485";"GE 15400062-09";"Endgültig stillgelegt";"7.1.2000";"10.7.2019";"Wind";"1500";"1500";"99869";"Wangenheim";"(natürliche Person)";"";"1.12.2022"
"SEE970004559104";"GE 15400063-10";"Endgültig stillgelegt";"22.1.2000";"10.7.2019";"Wind";"1500";"1500";"99869";"Wangenheim";"(natürliche Person)";"";"1.12.2022"
"SEE944758186831";"HH04 GE 15400078-17";"Endgültig stillgelegt";"9.2.2000";"10.7.2019";"Wind";"1500";"1500";"99869";"Nessetal";"(natürliche Person)";"";"26.9.2022"
"SEE933813977156";"GE 15400084-04";"Endgültig stillgelegt";"17.12.1999";"10.7.2019";"Wind";"1500";"1500";"99869";"Ebenheim";"(natürliche Person)";"";"1.12.2022"
"SEE943948834835";"GE 15400085-05";"Endgültig stillgelegt";"20.12.1999";"10.7.2019";"Wind";"1500";"1500";"99869";"Sonneborn";"(natürliche Person)";"";"1.12.2022"
"SEE985041025888";"GE 15400091-11";"Endgültig stillgelegt";"25.1.2000";"10.7.2019";"Wind";"1500";"1500";"99869";"Sonneborn";"(natürliche Person)";"";"23.8.2021"
"SEE900876916019";"GE 15400092-12";"Endgültig stillgelegt";"1.4.2018";"10.7.2019";"Wind";"1500";"1500";"99869";"Nessetal";"(natürliche Person)";"";"30.8.2022"
"SEE997484848726";"GE 15400093-13";"Endgültig stillgelegt";"3.2.2000";"10.7.2019";"Wind";"1500";"1500";"99869";"Sonneborn";"(natürliche Person)";"";"23.8.2021"
"SEE936670708253";"GE 15400094-08";"Endgültig stillgelegt";"15.12.1999";"10.7.2019";"Wind";"1500";"1500";"99869";"Sonneborn";"(natürliche Person)";"";"8.9.2021"
"SEE910162966468";"WEA825843";"In Betrieb";"2.10.2014";"10.7.2019";"Wind";"2300";"2300";"99706";"Sondershausen";"Windkraft Hainleite GmbH & Co.kG";"ABR982819920451";"9.6.2021"
"SEE953169091337";"WEA825844";"In Betrieb";"11.9.2014";"10.7.2019";"Wind";"2300";"2300";"99706";"Sondershausen";"Windkraft Hainleite GmbH & Co.kG";"ABR982819920451";"9.6.2021"
"SEE942275462742";"WEA Wüllersleben";"In Betrieb";"22.12.2006";"9.7.2019";"Wind";"800";"800";"99310";"Bösleben-Wüllersleben";"SWE Erneuerbare Energien GmbH";"ABR923374027841";"24.1.2023"
"SEE935740370352";"WEA Wüllersleben";"In Betrieb";"21.12.2006";"9.7.2019";"Wind";"800";"800";"99310";"Bösleben-Wüllersleben";"SWE Erneuerbare Energien GmbH";"ABR923374027841";"24.1.2023"
"SEE970633157924";"WEA Wüllersleben";"In Betrieb";"22.12.2006";"9.7.2019";"Wind";"800";"800";"99310";"Bösleben-Wüllersleben";"SWE Erneuerbare Energien GmbH";"ABR923374027841";"24.1.2023"
"SEE920619819162";"WEA Wüllersleben";"In Betrieb";"28.12.2006";"9.7.2019";"Wind";"800";"800";"99310";"Bösleben-Wüllersleben";"SWE Erneuerbare Energien GmbH";"ABR923374027841";"24.1.2023"
"SEE995787147966";"WEA Wüllersleben";"In Betrieb";"28.12.2006";"9.7.2019";"Wind";"800";"800";"99310";"Bösleben-Wüllersleben";"SWE Erneuerbare Energien GmbH";"ABR923374027841";"31.1.2022"
"SEE943862716682";"WEA Wüllersleben";"In Betrieb";"28.12.2006";"9.7.2019";"Wind";"800";"800";"99310";"Bösleben-Wüllersleben";"SWE Erneuerbare Energien GmbH";"ABR923374027841";"24.1.2023"
"SEE969102253250";"WEA Wüllersleben";"In Betrieb";"27.12.2006";"9.7.2019";"Wind";"800";"800";"99310";"Bösleben-Wüllersleben";"SWE Erneuerbare Energien GmbH";"ABR923374027841";"24.1.2023"
"SEE904680954656";"WEA Wüllersleben";"In Betrieb";"22.12.2006";"9.7.2019";"Wind";"800";"800";"99310";"Bösleben-Wüllersleben";"SWE Erneuerbare Energien GmbH";"ABR923374027841";"24.1.2023"
"SEE950113772762";"HL 11";"In Betrieb";"29.9.2017";"4.7.2019";"Wind";"3300";"3300";"99955";"Herbsleben";"GSW Windpark Herbsleben GmbH & Co. KG";"ABR984610429621";"22.1.2025"
"SEE914810295634";"HR09";"In Betrieb";"20.12.2012";"3.7.2019";"Wind";"1500";"1500";"99820";"Hörselberg-Hainich";"BOREAS Energie GmbH";"ABR909054335185";"26.11.2024"
"SEE945322958397";"WK-TAN10";"In Betrieb";"23.9.2014";"2.7.2019";"Wind";"3050";"3050";"07922";"Tanna";"Windkraft Tanna I GmbH & Co. KG";"ABR901309019185";"9.12.2024"
"SEE929231392770";"WK-TAN12";"In Betrieb";"6.1.2016";"2.7.2019";"Wind";"2350";"2350";"07922";"Tanna";"Windkraft Tanna 3";"ABR916127303774";"9.12.2024"
"SEE966192018783";"WEA 6";"In Betrieb";"20.6.2014";"1.7.2019";"Wind";"3000";"3000";"07616";"Rauschwitz";"meridian Windpark  Rauschwitz III GmbH & Co.KG";"ABR918036784972";"20.12.2024"
"SEE995973848837";"Holzthaleben WKA 3";"In Betrieb";"31.8.2016";"1.7.2019";"Wind";"2400";"2400";"99713";"Helbedündorf";"HSW Windpark Holzthaleben GmbH & Co. KG";"ABR969663747687";"28.11.2024"
"SEE991666841253";"Holzthaleben WEA 4";"In Betrieb";"6.12.2016";"1.7.2019";"Wind";"2400";"2400";"99713";"Helbedündorf";"HSW Windpark Holzthaleben GmbH & Co. KG";"ABR969663747687";"28.11.2024"
"SEE952005378557";"Holzthaleben WEA 5";"In Betrieb";"11.8.2016";"1.7.2019";"Wind";"2400";"2400";"99713";"Helbedündorf";"HSW Windpark Holzthaleben GmbH & Co. KG";"ABR969663747687";"28.11.2024"
"SEE970390264477";"Holzthaleben WEA 6";"In Betrieb";"24.8.2016";"1.7.2019";"Wind";"2400";"2400";"99713";"Helbedündorf";"HSW Windpark Holzthaleben GmbH & Co. KG";"ABR969663747687";"28.11.2024"
"SEE961891642086";"Holzthaleben WEA 7";"In Betrieb";"18.8.2016";"1.7.2019";"Wind";"2400";"2400";"99713";"Helbedündorf";"HSW Windpark Holzthaleben GmbH & Co. KG";"ABR969663747687";"28.11.2024"
"SEE900678642178";"Westhausen 10";"In Betrieb";"28.3.2018";"28.6.2019";"Wind";"3450";"3450";"99869";"Nessetal";"Windkraft Westhausen 10 GmbH & Co. KG";"ABR951393369208";"22.1.2025"
"SEE980162628161";"WEA 11";"In Betrieb";"27.3.2015";"28.6.2019";"Wind";"2500";"2500";"07613";"Heideland";"meridian Windpark Lindau II GmbH & Co.KG";"ABR974836086081";"20.12.2024"
"SEE985749392152";"WEA 4";"In Betrieb";"8.9.2006";"28.6.2019";"Wind";"2000";"2000";"99734";"Nordhausen";"Provent Windpark Hörningen GmbH & Co.KG";"ABR957708363596";"20.12.2024"
"SEE914859250502";"WEA 02";"In Betrieb";"27.2.2003";"28.6.2019";"Wind";"1500";"1500";"07616";"Rauschwitz";"provent Windpark Rauschwitz GmbH & Co.KG";"ABR977584338310";"5.11.2024"
"SEE987562994537";"WEA 1";"In Betrieb";"29.7.2004";"28.6.2019";"Wind";"1500";"1500";"04639";"Ponitz";"provent Windpark Ponitz GmbH & Co.KG";"ABR950669513680";"9.8.2023"
"SEE940494222789";"WEA 2";"In Betrieb";"29.7.2004";"28.6.2019";"Wind";"1500";"1500";"04639";"Ponitz";"provent Windpark Ponitz GmbH & Co.KG";"ABR950669513680";"9.8.2023"
"SEE927375606685";"227097";"In Betrieb";"14.6.2019";"24.6.2019";"Wind";"3450";"3450";"07554";"Pölzig";"VSB Windpark Pölzig Zwei";"ABR988804874099";"29.11.2024"
"SEE968594820810";"WKH Hochheim - HH 47";"In Betrieb";"18.2.2014";"24.6.2019";"Wind";"2400";"2400";"99869";"Nessetal";"Windkraft Hochheim GmbH & Co. KG";"ABR928521069538";"20.12.2024"
"SEE970043664661";"WKH Hochheim - HH 49";"In Betrieb";"12.2.2014";"24.6.2019";"Wind";"2400";"2400";"99869";"Nessetal";"Windkraft Hochheim GmbH & Co. KG";"ABR928521069538";"20.12.2024"
"SEE928260423196";"WKH Hochheim - HH 50";"In Betrieb";"5.3.2014";"24.6.2019";"Wind";"2400";"2400";"99869";"Nessetal";"Windkraft Hochheim GmbH & Co. KG";"ABR928521069538";"20.12.2024"
"SEE982698457475";"WKH Hochheim - HH 51";"In Betrieb";"11.3.2014";"24.6.2019";"Wind";"2400";"2400";"99869";"Nessetal";"Windkraft Hochheim GmbH & Co. KG";"ABR928521069538";"20.12.2024"
"SEE957847868297";"WKH Hochheim - HH 52";"In Betrieb";"12.2.2014";"24.6.2019";"Wind";"2400";"2400";"99869";"Nessetal";"Windkraft Hochheim GmbH & Co. KG";"ABR928521069538";"20.12.2024"
"SEE977074675352";"SW-HEL6";"In Betrieb";"30.9.2016";"20.6.2019";"Wind";"2350";"2350";"06577";"Heldrungen";"Sabowindpark Heldrungen GmbH & Co. KG";"ABR952711865792";"18.12.2024"
"SEE969449217397";"SW-HEL7";"In Betrieb";"21.10.2016";"20.6.2019";"Wind";"2350";"2350";"06577";"An der Schmücke";"Sabowindpark Heldrungen GmbH & Co. KG";"ABR952711865792";"5.9.2025"
"SEE929828156686";"SW-HEL8";"In Betrieb";"11.11.2016";"20.6.2019";"Wind";"3000";"3000";"06577";"Heldrungen";"Sabowindpark Heldrungen GmbH & Co. KG";"ABR952711865792";"18.12.2024"
"SEE911630656034";"SW-VOI10";"In Betrieb";"30.6.2017";"20.6.2019";"Wind";"3450";"3450";"06556";"Artern";"Sabowindpark Voigtstedt GmbH & Co. KG";"ABR978970673633";"4.9.2025"
"SEE924036529611";"SW-VOI11";"In Betrieb";"30.6.2017";"20.6.2019";"Wind";"3450";"3450";"06556";"Artern";"Sabowindpark Voigtstedt GmbH & Co. KG";"ABR978970673633";"4.9.2025"
"SEE984060399581";"EW Projekt WEA1 Dingelstädt";"In Betrieb";"12.9.2014";"18.6.2019";"Wind";"2300";"2300";"37351";"Dingelstädt";"EW Projekt GmbH";"ABR999501302174";"9.6.2021"
"SEE991762253769";"EW Projekt WEA 2";"In Betrieb";"26.9.2014";"18.6.2019";"Wind";"2300";"2300";"37351";"Dingelstädt";"EW Projekt GmbH";"ABR999501302174";"9.6.2021"
"SEE999477608461";"HR14";"In Betrieb";"21.12.2012";"17.6.2019";"Wind";"1500";"1500";"99820";"Hörselberg-Hainich";"BOREAS Energie GmbH";"ABR909054335185";"26.11.2024"
"SEE905070436448";"HR11";"In Betrieb";"20.12.2012";"17.6.2019";"Wind";"1500";"1500";"99820";"Hörselberg-Hainich";"BOREAS Energie GmbH";"ABR909054335185";"26.11.2024"
"SEE995631461972";"300592";"In Betrieb";"23.9.2014";"7.6.2019";"Wind";"3170";"3170";"07554";"Pölzig";"Windpark Pölzig GmbH & Co. KG";"ABR952429394942";"4.4.2024"
"SEE983427707281";"Windpark_Hottelstedt_WEA_1";"In Betrieb";"26.6.2000";"7.6.2019";"Wind";"1300";"1300";"99439";"Ballstedt";"Umwelt Management Energiequelle UME GmbH & Co. Hottelstedt KG";"ABR987896911071";"15.5.2024"
"SEE921760758560";"300593";"In Betrieb";"8.9.2014";"7.6.2019";"Wind";"3170";"3170";"07554";"Pölzig";"Windpark Pölzig GmbH & Co. KG";"ABR952429394942";"4.4.2024"
"SEE916096774469";"Windpark_Hottelstedt_WEA_2";"In Betrieb";"26.6.2000";"7.6.2019";"Wind";"1300";"1300";"99439";"Ballstedt";"Umwelt Management Energiequelle UME GmbH & Co. Hottelstedt KG";"ABR987896911071";"15.5.2024"
"SEE940394355426";"Windpark_Hottelstedt_WEA_3";"In Betrieb";"26.6.2000";"7.6.2019";"Wind";"1300";"1300";"99439";"Ballstedt";"Umwelt Management Energiequelle UME GmbH & Co. Hottelstedt KG";"ABR987896911071";"15.5.2024"
"SEE954095611002";"Windpark_Hottelstedt_WEA_4";"In Betrieb";"26.6.2000";"7.6.2019";"Wind";"1300";"1300";"99439";"Ballstedt";"Umwelt Management Energiequelle UME GmbH & Co. Hottelstedt KG";"ABR987896911071";"15.5.2024"
"SEE907306238246";"WEA 1 - 215377";"In Betrieb";"28.4.2017";"29.5.2019";"Wind";"3450";"3450";"99634";"Straußfurt";"Strom aus Wind Projektgesellschaft mbH  Co. Windpark Straußfurt KG";"ABR913046385676";"29.5.2019"
"SEE948326385176";"WEA 2 - 215378";"In Betrieb";"28.4.2017";"29.5.2019";"Wind";"3450";"3450";"99634";"Straußfurt";"Strom aus Wind Projektgesellschaft mbH  Co. Windpark Straußfurt KG";"ABR913046385676";"24.3.2021"
"SEE989904573455";"Menteroda-F";"Endgültig stillgelegt";"30.12.2002";"28.5.2019";"Wind";"600";"600";"99996";"Menteroda";"(natürliche Person)";"";"15.3.2023"
"SEE980024664627";"WKA 1 p";"In Betrieb";"22.10.1996";"28.5.2019";"Wind";"600";"600";"04626";"Schmölln";"(natürliche Person)";"ABR948825011958";"15.3.2022"
"SEE986470739292";"V 43746-03";"In Betrieb";"30.12.2013";"28.5.2019";"Wind";"2000";"2000";"99636";"Rastenberg";"Windpark Rastenberg GmbH & Co. KG";"ABR927981197324";"20.11.2024"
"SEE996990630375";"V 43747-04";"In Betrieb";"30.12.2013";"28.5.2019";"Wind";"2000";"2000";"99636";"Rastenberg";"Windpark Rastenberg GmbH & Co. KG";"ABR927981197324";"20.11.2024"
"SEE961048072025";"V 43748-05";"In Betrieb";"28.12.2013";"28.5.2019";"Wind";"2000";"2000";"99636";"Ostramondra";"Windpark Rastenberg GmbH & Co. KG";"ABR927981197324";"20.11.2024"
"SEE913006207536";"V 43749-06";"In Betrieb";"28.12.2013";"28.5.2019";"Wind";"2000";"2000";"99636";"Ostramondra";"Windpark Rastenberg GmbH & Co. KG";"ABR927981197324";"20.11.2024"
"SEE950432686542";"V 43750-07";"In Betrieb";"20.12.2013";"28.5.2019";"Wind";"2000";"2000";"99628";"Buttstädt";"Windpark Rastenberg GmbH & Co. KG";"ABR927981197324";"20.11.2024"
"SEE939198208649";"V 43751-08";"In Betrieb";"19.12.2013";"28.5.2019";"Wind";"2000";"2000";"99628";"Buttstädt";"Windpark Rastenberg GmbH & Co. KG";"ABR927981197324";"20.11.2024"
"SEE952766217546";"V 43752-09";"In Betrieb";"28.12.2013";"28.5.2019";"Wind";"2000";"2000";"99628";"Buttstädt";"Windpark Rastenberg GmbH & Co. KG";"ABR927981197324";"20.11.2024"
"SEE907813084206";"V 43753-10";"In Betrieb";"27.12.2013";"28.5.2019";"Wind";"2000";"2000";"99628";"Buttstädt";"Windpark Rastenberg GmbH & Co. KG";"ABR927981197324";"20.11.2024"
"SEE957276197623";"V 43754-11";"In Betrieb";"30.12.2013";"28.5.2019";"Wind";"2000";"2000";"99636";"Rastenberg";"Windpark Rastenberg GmbH & Co. KG";"ABR927981197324";"20.11.2024"
"SEE994609246092";"V 43755-12";"In Betrieb";"19.12.2013";"28.5.2019";"Wind";"2000";"2000";"99636";"Ostramondra";"Windpark Rastenberg GmbH & Co. KG";"ABR927981197324";"20.11.2024"
"SEE926245467425";"V 202167-13";"In Betrieb";"19.12.2013";"28.5.2019";"Wind";"3075";"3075";"99636";"Rastenberg";"Windpark Rastenberg GmbH & Co. KG";"ABR927981197324";"20.11.2024"
"SEE950449475573";"V 202168-14";"In Betrieb";"19.12.2013";"28.5.2019";"Wind";"3075";"3075";"99636";"Ostramondra";"Windpark Rastenberg GmbH & Co. KG";"ABR927981197324";"20.11.2024"
"SEE930260010276";"V 202169-15";"In Betrieb";"19.12.2013";"28.5.2019";"Wind";"3075";"3075";"99628";"Buttstädt";"Windpark Rastenberg GmbH & Co. KG";"ABR927981197324";"20.11.2024"
"SEE993943150560";"V 43744-01";"In Betrieb";"10.3.2014";"28.5.2019";"Wind";"2000";"2000";"99636";"Rastenberg";"Windpark Rastenberg GmbH & Co. KG";"ABR927981197324";"20.11.2024"
"SEE988528788047";"V 43745-02";"In Betrieb";"10.3.2014";"28.5.2019";"Wind";"2000";"2000";"99636";"Rastenberg";"Windpark Rastenberg GmbH & Co. KG";"ABR927981197324";"20.11.2024"
"SEE915156344994";"WKA 2 p";"In Betrieb";"22.10.1996";"28.5.2019";"Wind";"600";"600";"04626";"Schmölln";"(natürliche Person)";"ABR900948800079";"15.3.2022"
"SEE989047608410";"Kirchheilingen 54";"In Betrieb";"21.2.2014";"22.5.2019";"Wind";"2300";"2300";"99947";"Kirchheilingen";"GSW Windmühle Kirchheilingen 54 GmbH & Co. KG";"ABR982187148938";"22.1.2025"
"SEE988251568954";"Windpark Mihla M2";"In Betrieb";"25.9.2015";"21.5.2019";"Wind";"3050";"3050";"99826";"Mihla";"Windpark Mihla GmbH & Co. KG";"ABR909861946246";"29.1.2024"
"SEE934137525726";"Windpark Mihla M3";"In Betrieb";"25.9.2015";"21.5.2019";"Wind";"3050";"3050";"99826";"Mihla";"Windpark Mihla GmbH & Co. KG";"ABR909861946246";"29.1.2024"
"SEE918474729313";"Windpark Mihla M4";"In Betrieb";"13.10.2015";"21.5.2019";"Wind";"3050";"3050";"99826";"Mihla";"Windpark Mihla GmbH & Co. KG";"ABR909861946246";"29.1.2024"
"SEE982823358103";"Windpark Mihla M6";"In Betrieb";"7.10.2015";"21.5.2019";"Wind";"3050";"3050";"99826";"Mihla";"Windpark Mihla GmbH & Co. KG";"ABR909861946246";"29.1.2024"
"SEE977553887559";"Windpark Mihla M7";"In Betrieb";"30.9.2016";"21.5.2019";"Wind";"3050";"3050";"99831";"Amt Creuzburg";"Windpark Mihla GmbH & Co. KG";"ABR909861946246";"16.9.2024"
"SEE943670127762";"Windpark Mihla M1";"In Betrieb";"25.9.2015";"20.5.2019";"Wind";"3050";"3050";"99826";"Mihla";"Windpark Mihla GmbH & Co. KG";"ABR909861946246";"29.1.2024"
"SEE991780377379";"WEA Forstwolfersdorf";"In Betrieb";"9.4.2003";"20.5.2019";"Wind";"1500";"1500";"07570";"Harth-Pöllnitz";"Rasmus GmbH";"ABR969525737825";"17.7.2023"
"SEE921650046029";"SW-REI9";"In Betrieb";"29.3.2017";"16.5.2019";"Wind";"3050";"3050";"06556";"Reinsdorf";"Sabowindpark Reinsdorf";"ABR908677474981";"18.12.2024"
"SEE946901947689";"WEA1 (Seriennummer 44469)";"In Betrieb";"7.8.2013";"13.5.2019";"Wind";"3075";"3075";"99880";"Teutleben";"LHI GII2 WP Teutleben 2286 GmbH & Co. KG";"ABR990054576692";"16.11.2024"
"SEE960636972440";"WEA2 (Seriennummer 44470)";"In Betrieb";"7.8.2013";"13.5.2019";"Wind";"3075";"3075";"99880";"Teutleben";"LHI GII2 WP Teutleben 2286 GmbH & Co. KG";"ABR990054576692";"16.11.2024"
"SEE980433416657";"WEA3 (Seriennummer 44471)";"In Betrieb";"7.8.2013";"13.5.2019";"Wind";"3075";"3075";"99880";"Teutleben";"LHI GII2 WP Teutleben 2286 GmbH & Co. KG";"ABR990054576692";"16.11.2024"
"SEE947134212445";"WEA4 (Seriennummer 44472)";"In Betrieb";"7.8.2013";"13.5.2019";"Wind";"3075";"3075";"99880";"Teutleben";"LHI GII2 WP Teutleben 2286 GmbH & Co. KG";"ABR990054576692";"16.11.2024"
"SEE924524849146";"WEA5 (Seriennummer 44473)";"In Betrieb";"7.8.2013";"13.5.2019";"Wind";"3075";"3075";"99880";"Teutleben";"LHI GII2 WP Teutleben 2286 GmbH & Co. KG";"ABR990054576692";"16.11.2024"
"SEE946363612934";"WEA E-40 Heukewalde";"In Betrieb";"1.6.1995";"13.5.2019";"Wind";"500";"500";"04626";"Heukewalde";"(natürliche Person)";"ABR970125248413";"1.10.2019"
"SEE957137153195";"ABR999703405789";"In Betrieb";"29.4.2009";"6.5.2019";"Wind";"2000";"2000";"36414";"Unterbreizbach";"Windkraft Lohberg 2 GmbH & Co. KG";"ABR999703405789";"29.11.2023"
"SEE916190315179";"ABR940034033080";"In Betrieb";"20.2.2010";"6.5.2019";"Wind";"2000";"2000";"36460";"Krayenberggemeinde";"Windkraft Hoppberg GmbH & Co. KG";"ABR940034033080";"29.11.2023"
"SEE982001588384";"WEA 3";"In Betrieb";"25.6.2018";"6.5.2019";"Wind";"3450";"3450";"37308";"Reinholterode";"WKE Windkraft Eichsfeld GmbH & Co. Roter Berg KG";"ABR993852682749";"29.2.2024"
"SEE984011872651";"WEA 4";"In Betrieb";"18.6.2018";"6.5.2019";"Wind";"3450";"3450";"37308";"Reinholterode";"WKE Windkraft Eichsfeld GmbH & Co. Roter Berg KG";"ABR993852682749";"29.2.2024"
"SEE992776706494";"ABR930429002609";"In Betrieb";"12.5.2010";"6.5.2019";"Wind";"2000";"2000";"36460";"Krayenberggemeinde";"Windkraft Hoppberg 2 GmbH & Co. KG";"ABR930429002609";"29.11.2023"
"SEE956202818878";"WEA 8";"In Betrieb";"18.6.2018";"3.5.2019";"Wind";"3450";"3450";"37308";"Reinholterode";"WKE Windkraft Eichsfeld GmbH & Co. Wiesenweg KG";"ABR939137092834";"29.2.2024"
"SEE905870126167";"WEA 1";"In Betrieb";"27.6.2018";"3.5.2019";"Wind";"3450";"3450";"37308";"Reinholterode";"WKE Windkraft Eichsfeld GmbH & Co. Roter Berg KG";"ABR993852682749";"29.2.2024"
"SEE964035763722";"WEA 2";"In Betrieb";"18.6.2018";"3.5.2019";"Wind";"3450";"3450";"37308";"Reinholterode";"WKE Windkraft Eichsfeld GmbH & Co. Roter Berg KG";"ABR993852682749";"29.2.2024"
"SEE965077486013";"Kraasa 8";"In Betrieb";"19.1.2016";"3.5.2019";"Wind";"3075";"3075";"04617";"Starkenberg";"Lungta Windpark Kraasa GmbH & Co. KG";"ABR932141973274";"19.5.2026"
"SEE947239808451";"Kraasa 9";"In Betrieb";"22.2.2016";"3.5.2019";"Wind";"3075";"3075";"04617";"Starkenberg";"Lungta Windpark Kraasa GmbH & Co. KG";"ABR932141973274";"19.5.2026"
"SEE992725458986";"WEA 1";"In Betrieb";"29.12.2004";"29.4.2019";"Wind";"1500";"1500";"04626";"Mehna";"provent Windpark Mehna GmbH & Co. KG";"ABR976342237919";"19.5.2021"
"SEE911788064149";"WEA 6";"In Betrieb";"24.11.2011";"29.4.2019";"Wind";"2050";"2050";"04639";"Ponitz";"meridian Windpark Zschöpel GmbH & Co.KG";"ABR973854946681";"20.12.2024"
"SEE990813199667";"WEA 7";"In Betrieb";"29.11.2011";"29.4.2019";"Wind";"2050";"2050";"04639";"Ponitz";"meridian Windpark Zschöpel GmbH & Co.KG";"ABR973854946681";"20.12.2024"
"SEE968683557863";"WEA 8";"In Betrieb";"29.11.2011";"29.4.2019";"Wind";"2050";"2050";"04639";"Ponitz";"meridian Windpark Zschöpel GmbH & Co.KG";"ABR973854946681";"20.12.2024"
"SEE988842182385";"WEA 9";"In Betrieb";"1.12.2011";"29.4.2019";"Wind";"2050";"2050";"04639";"Ponitz";"meridian Windpark Zschöpel GmbH & Co.KG";"ABR973854946681";"20.12.2024"
"SEE951721678996";"WEA10";"In Betrieb";"24.11.2011";"29.4.2019";"Wind";"2050";"2050";"04639";"Ponitz";"meridian Windpark Zschöpel GmbH & Co.KG";"ABR973854946681";"1.5.2025"
"SEE924115847834";"WEA 6";"In Betrieb";"15.9.2016";"29.4.2019";"Wind";"2400";"2400";"04626";"Thonhausen";"meridian Windpark Thonhausen GmbH & Co. KG";"ABR926053256228";"20.12.2024"
"SEE905015577458";"WEA 4";"In Betrieb";"21.9.2016";"29.4.2019";"Wind";"2400";"2400";"04626";"Thonhausen";"meridian Windpark Thonhausen GmbH & Co. KG";"ABR926053256228";"20.12.2024"
"SEE919438327644";"WEA 5";"In Betrieb";"26.9.2016";"29.4.2019";"Wind";"2400";"2400";"04626";"Thonhausen";"meridian Windpark Thonhausen GmbH & Co. KG";"ABR926053256228";"20.12.2024"
"SEE929841659676";"WEA 7";"In Betrieb";"22.12.2016";"29.4.2019";"Wind";"2400";"2400";"04626";"Thonhausen";"meridian Windpark Thonhausen GmbH & Co. KG";"ABR926053256228";"20.12.2024"
"SEE966308420295";"1150702";"In Betrieb";"6.6.2018";"26.4.2019";"Wind";"3000";"3000";"99735";"Kleinfurra";"Windpark GmbH & Co. Nentzelsrode KG";"ABR984273646076";"18.12.2024"
"SEE902378964666";"1150703";"In Betrieb";"13.6.2018";"26.4.2019";"Wind";"3000";"3000";"99735";"Kleinfurra";"Windpark GmbH & Co. Nentzelsrode KG";"ABR984273646076";"18.12.2024"
"SEE922574758807";"1150704";"In Betrieb";"5.6.2018";"26.4.2019";"Wind";"3000";"3000";"99735";"Kleinfurra";"Windpark GmbH & Co. Nentzelsrode KG";"ABR984273646076";"18.12.2024"
"SEE953289998660";"1150705";"In Betrieb";"30.5.2018";"26.4.2019";"Wind";"3000";"3000";"99735";"Kleinfurra";"Windpark GmbH & Co. Nentzelsrode KG";"ABR984273646076";"18.12.2024"
"SEE983320318775";"1150706";"In Betrieb";"27.6.2018";"26.4.2019";"Wind";"3000";"3000";"99735";"Kleinfurra";"Windpark GmbH & Co. Nentzelsrode KG";"ABR984273646076";"18.12.2024"
"SEE955065786768";"eno126008";"In Betrieb";"22.12.2017";"25.4.2019";"Wind";"4000";"4000";"99752";"Wipperdorf";"Norddeutsche Energie WP Wipperdorf GmbH & Co. KG";"ABR903277320485";"11.11.2024"
"SEE997579681412";"eno126009";"In Betrieb";"22.12.2017";"25.4.2019";"Wind";"4000";"4000";"99752";"Wipperdorf";"Norddeutsche Energie WP Wipperdorf GmbH & Co. KG";"ABR903277320485";"11.11.2024"
"SEE939864122118";"eno126007";"In Betrieb";"22.12.2017";"24.4.2019";"Wind";"4000";"4000";"99752";"Bleicherode";"Norddeutsche Energie WP Wipperdorf GmbH & Co. KG";"ABR903277320485";"11.11.2024"
"SEE916222462048";"WEA 7";"In Betrieb";"18.6.2018";"18.4.2019";"Wind";"3450";"3450";"37308";"Reinholterode";"WKE Windkraft Eichsfeld GmbH & Co. Webersberg KG";"ABR921092617566";"29.2.2024"
"SEE933680127968";"25000";"In Betrieb";"24.8.2006";"18.4.2019";"Wind";"2000";"2000";"36404";"Vacha";"Windkraft Lohberg ApS & Co. KG";"ABR922431785137";"27.12.2024"
"SEE959350167515";"222377-1";"In Betrieb";"6.6.2018";"10.4.2019";"Wind";"3450";"3450";"99518";"Bad Sulza";"Windpark Eckolstädt II GmbH & Co. KG";"ABR960962129105";"4.6.2024"
"SEE917427680855";"222378-2";"In Betrieb";"6.6.2018";"10.4.2019";"Wind";"3450";"3450";"99518";"Bad Sulza";"Windpark Eckolstädt II GmbH & Co. KG";"ABR960962129105";"4.6.2024"
"SEE942965497238";"222379-3";"In Betrieb";"18.6.2018";"10.4.2019";"Wind";"3450";"3450";"99518";"Bad Sulza";"Windpark Eckolstädt II GmbH & Co. KG";"ABR960962129105";"4.6.2024"
"SEE959097481714";"222380-4";"In Betrieb";"18.6.2018";"10.4.2019";"Wind";"3450";"3450";"99518";"Bad Sulza";"Windpark Eckolstädt II GmbH & Co. KG";"ABR960962129105";"4.6.2024"
"SEE917536168756";"222381-5";"In Betrieb";"18.6.2018";"10.4.2019";"Wind";"3450";"3450";"99510";"Apolda";"Windpark Eckolstädt II GmbH & Co. KG";"ABR960962129105";"4.6.2024"
"SEE931313026503";"222382-6";"In Betrieb";"19.6.2018";"10.4.2019";"Wind";"3450";"3450";"99518";"Bad Sulza";"Windpark Eckolstädt II GmbH & Co. KG";"ABR960962129105";"4.6.2024"
"SEE927129148393";"222383-7";"In Betrieb";"18.6.2018";"10.4.2019";"Wind";"3450";"3450";"99518";"Bad Sulza";"Windpark Eckolstädt II GmbH & Co. KG";"ABR960962129105";"4.6.2024"
"SEE995724558527";"222384-8";"In Betrieb";"18.6.2018";"10.4.2019";"Wind";"3450";"3450";"99518";"Bad Sulza";"Windpark Eckolstädt II GmbH & Co. KG";"ABR960962129105";"4.6.2024"
"SEE913189662757";"222385-9";"In Betrieb";"19.6.2018";"10.4.2019";"Wind";"3450";"3450";"99518";"Bad Sulza";"Windpark Eckolstädt II GmbH & Co. KG";"ABR960962129105";"4.6.2024"
"SEE919023251187";"222386-10";"In Betrieb";"18.6.2018";"10.4.2019";"Wind";"3450";"3450";"99518";"Bad Sulza";"Windpark Eckolstädt II GmbH & Co. KG";"ABR960962129105";"4.6.2024"
"SEE915553031381";"HR12";"In Betrieb";"21.12.2012";"10.4.2019";"Wind";"1500";"1500";"99820";"Hörselberg-Hainich";"BOREAS Energie GmbH";"ABR909054335185";"26.11.2024"
"SEE961798789235";"HR13";"In Betrieb";"20.12.2012";"10.4.2019";"Wind";"1500";"1500";"99820";"Hörselberg-Hainich";"BOREAS Energie GmbH";"ABR909054335185";"26.11.2024"
"SEE948587510393";"HR10";"In Betrieb";"21.12.2012";"9.4.2019";"Wind";"1500";"1500";"99820";"Hörselberg-Hainich";"BOREAS Energie GmbH";"ABR909054335185";"26.11.2024"
"SEE950394693350";"Tanna 2";"In Betrieb";"1.9.2014";"4.4.2019";"Wind";"2350";"2350";"07922";"Tanna";"Windkraft Tanna 2 GmbH & Co. KG";"ABR933725763236";"9.12.2024"
"SEE975086469334";"HR06";"Endgültig stillgelegt";"21.12.2005";"4.4.2019";"Wind";"800";"800";"99819";"Krauthausen";"Windkraft Neukirchen III GmbH & Co. KG";"ABR922982185561";"18.8.2026"
"SEE931298666145";"OL 11";"In Betrieb";"31.1.2014";"2.4.2019";"Wind";"3075";"3075";"99628";"Buttstädt";"Windkraft Olbersleben IV GmbH & Co. KG";"ABR967752366085";"20.12.2024"
"SEE933733586902";"MHL01_0116";"In Betrieb";"5.2.2014";"1.4.2019";"Wind";"2500";"2500";"99817";"Eisenach";"Windrad Mihla GmbH & Co. KG";"ABR979599524405";"18.6.2026"
"SEE900590299092";"WEA 1";"In Betrieb";"15.6.2001";"1.4.2019";"Wind";"750";"750";"07774";"Frauenprießnitz";"Welzenbach Windpark oHG";"ABR977892116457";"16.3.2022"
"SEE931452727354";"WEA 2";"In Betrieb";"15.6.2001";"1.4.2019";"Wind";"750";"750";"07774";"Frauenprießnitz";"Welzenbach Windpark oHG";"ABR977892116457";"2.9.2022"
"SEE921918982045";"825791";"In Betrieb";"27.2.2017";"25.3.2019";"Wind";"2300";"2300";"99765";"Uthleben";"Windpark GmbH & Co. Nentzelsrode KG";"ABR984273646076";"18.12.2024"
"SEE927035181187";"CEE WP Westerengel WEA 1";"In Betrieb";"17.6.2016";"20.3.2019";"Wind";"3300";"3300";"99718";"Großenehrich";"CEE Windpark Westerengel GmbH & Co. KG";"ABR925604061540";"5.8.2026"
"SEE973729977680";"CEE WP Westerengel WEA 2";"In Betrieb";"17.6.2016";"20.3.2019";"Wind";"3300";"3300";"99718";"Großenehrich";"CEE Windpark Westerengel GmbH & Co. KG";"ABR925604061540";"5.8.2026"
"SEE959657917448";"CEE WP Westerengel WEA 3";"In Betrieb";"17.6.2016";"20.3.2019";"Wind";"3300";"3300";"99718";"Großenehrich";"CEE Windpark Westerengel GmbH & Co. KG";"ABR925604061540";"5.8.2026"
"SEE939793014324";"CEE WP Westerengel WEA 4";"In Betrieb";"17.6.2016";"20.3.2019";"Wind";"3300";"3300";"99718";"Großenehrich";"CEE Windpark Westerengel GmbH & Co. KG";"ABR925604061540";"5.8.2026"
"SEE975523100615";"CEE WP Westerengel WEA 5";"In Betrieb";"17.6.2016";"20.3.2019";"Wind";"3300";"3300";"99718";"Großenehrich";"CEE Windpark Westerengel GmbH & Co. KG";"ABR925604061540";"5.8.2026"
"SEE922338966233";"CEE WP Westerengel WEA 6";"In Betrieb";"18.6.2016";"20.3.2019";"Wind";"3300";"3300";"99718";"Großenehrich";"CEE Windpark Westerengel GmbH & Co. KG";"ABR925604061540";"5.8.2026"
"SEE924629788357";"CEE WP Westerengel WEA 7";"In Betrieb";"21.6.2016";"20.3.2019";"Wind";"3300";"3300";"99718";"Großenehrich";"CEE Windpark Westerengel GmbH & Co. KG";"ABR925604061540";"5.8.2026"
"SEE926641217556";"E_1011388, W774";"In Betrieb";"29.12.2016";"14.3.2019";"Wind";"3050";"3050";"99817";"Eisenach";"Windpark Eisenach GmbH & Co. KG";"ABR945277113124";"18.6.2026"
"SEE948577817594";"E_1011389, W775";"In Betrieb";"28.12.2016";"14.3.2019";"Wind";"3050";"3050";"99817";"Eisenach";"Windpark Eisenach GmbH & Co. KG";"ABR945277113124";"18.6.2026"
"SEE954323210212";"AN-1300-136-01";"In Betrieb";"31.7.2000";"11.3.2019";"Wind";"1300";"1300";"99869";"Schwabhausen";"PROKON Regenerative Energien eG";"ABR989393706204";"27.5.2021"
"SEE972373638473";"AN-1300-186-02";"In Betrieb";"31.7.2000";"11.3.2019";"Wind";"1300";"1300";"99869";"Schwabhausen";"PROKON Regenerative Energien eG";"ABR989393706204";"27.5.2021"
"SEE932180691986";"AN-1300-178-03";"In Betrieb";"31.7.2000";"11.3.2019";"Wind";"1300";"1300";"99869";"Schwabhausen";"PROKON Regenerative Energien eG";"ABR989393706204";"27.5.2021"
"SEE963264449537";"AN-1300-187-04";"In Betrieb";"31.7.2000";"11.3.2019";"Wind";"1300";"1300";"99869";"Schwabhausen";"PROKON Regenerative Energien eG";"ABR989393706204";"27.5.2021"
"SEE953472606747";"WEA 5";"In Betrieb";"16.12.2013";"6.3.2019";"Wind";"2300";"2300";"04617";"Starkenberg";"InvestInvent 3. Windpark GmbH & Co. KG";"ABR900104705354";"19.12.2024"
"SEE982460905302";"WEA 1 / 1410001";"In Betrieb";"6.2.2017";"1.3.2019";"Wind";"4200";"4200";"07751";"Bucha";"GREE Coppanz GmbH & Co. KG";"ABR993970863273";"19.11.2024"
"SEE960871459720";"WEA 13";"In Betrieb";"20.10.2017";"28.2.2019";"Wind";"2970";"2970";"07613";"Heideland";"meridian Windpark Lindau II GmbH & Co.KG";"ABR974836086081";"20.12.2024"
"SEE994802132734";"Windpark Kraasa WEA 3, 825639";"In Betrieb";"13.12.2013";"25.2.2019";"Wind";"2300";"2300";"04617";"Starkenberg";"Stadtwerke Augsburg Energie GmbH";"ABR998231634548";"4.2.2026"
"SEE971479520477";"Windpark Kraasa WEA 4, 825640";"In Betrieb";"13.12.2013";"25.2.2019";"Wind";"2300";"2300";"04617";"Starkenberg";"Stadtwerke Augsburg Energie GmbH";"ABR998231634548";"17.12.2024"
"SEE973682130047";"HR07";"Endgültig stillgelegt";"16.3.1999";"23.2.2019";"Wind";"600";"600";"99820";"Hörselberg-Hainich";"BOREAS Energie GmbH";"ABR909054335185";"18.8.2026"
"SEE927430022429";"HR15";"In Betrieb";"16.3.1999";"23.2.2019";"Wind";"600";"600";"99820";"Hörselberg-Hainich";"BOREAS Energie GmbH";"ABR909054335185";"14.12.2021"
"SEE990794110422";"HR16";"In Betrieb";"16.3.1999";"23.2.2019";"Wind";"600";"600";"99820";"Hörselberg-Hainich";"BOREAS Energie GmbH";"ABR909054335185";"15.12.2021"
"SEE924539965121";"HR17";"In Betrieb";"16.3.1999";"23.2.2019";"Wind";"600";"600";"99820";"Hörselberg-Hainich";"BOREAS Energie GmbH";"ABR909054335185";"14.12.2021"
"SEE924948557344";"TR824940";"In Betrieb";"20.12.2012";"21.2.2019";"Wind";"2300";"2300";"07407";"Rudolstadt";"eolica Windpark Treppendorf GmbH & Co. KG";"ABR946737099545";"10.8.2022"
"SEE945882592529";"TR824939";"In Betrieb";"17.12.2012";"20.2.2019";"Wind";"2300";"2300";"07407";"Rudolstadt";"eolica Windpark Treppendorf GmbH & Co. KG";"ABR946737099545";"30.3.2023"
"SEE998498321465";"WEA 10";"In Betrieb";"15.12.2012";"20.2.2019";"Wind";"2500";"2500";"07751";"Bucha";"meridian Windpark Bucha GmbH & Co.KG";"ABR957454122775";"13.5.2026"
"SEE921558318860";"WEA 1";"In Betrieb";"15.12.2017";"20.2.2019";"Wind";"3400";"3400";"07580";"Großenstein";"meridian Windpark Großenstein GmbH & Co.KG";"ABR996958123260";"19.5.2025"
"SEE995347815199";"WEA 2";"In Betrieb";"15.12.2017";"20.2.2019";"Wind";"3400";"3400";"07580";"Großenstein";"meridian Windpark Großenstein GmbH & Co.KG";"ABR996958123260";"19.5.2025"
"SEE930229215896";"218364";"In Betrieb";"9.6.2017";"18.2.2019";"Wind";"3300";"3300";"99718";"Trebra";"Windpark Kirchengel GmbH & Co. KG";"ABR958710818616";"16.12.2024"
"SEE974018346903";"218365";"In Betrieb";"9.6.2017";"18.2.2019";"Wind";"3300";"3300";"99718";"Trebra";"Windpark Kirchengel GmbH & Co. KG";"ABR958710818616";"16.12.2024"
"SEE907435590215";"218958";"In Betrieb";"9.6.2017";"18.2.2019";"Wind";"3300";"3300";"99718";"Trebra";"Windpark Kirchengel GmbH & Co. KG";"ABR958710818616";"16.12.2024"
"SEE999100976349";"WEA-HEISS 01";"In Betrieb";"22.12.2014";"13.2.2019";"Wind";"2350";"2350";"99628";"Olbersleben";"Heiss-Energy GmbH & Co. KG";"ABR971724953203";"19.11.2024"
"SEE972193129687";"825847";"In Betrieb";"21.9.2014";"11.2.2019";"Wind";"2300";"2300";"99706";"Sondershausen";"Windkraft Thüringen GmbH & Co. KG";"ABR988717130978";"29.1.2024"
"SEE995775435150";"WKA 6";"In Betrieb";"1.12.2011";"10.2.2019";"Wind";"2300";"2300";"37308";"Reinholterode";"EPE Energiepark Mitte GmbH & Co. KG";"ABR927600538880";"9.10.2022"
"SEE951437969241";"WKA 5";"In Betrieb";"19.12.2003";"10.2.2019";"Wind";"1800";"1800";"37308";"Reinholterode";"EPE Energie-Projekte-Eichsfeld GmbH & Co., WKA Gelenberg KG";"ABR992298183100";"28.5.2019"
"SEE917138088131";"OL 10";"In Betrieb";"27.11.2013";"6.2.2019";"Wind";"3075";"3075";"99628";"Buttstädt";"Windkraft Olbersleben IV GmbH & Co. KG";"ABR967752366085";"20.12.2024"
